Timestamp,Acc_X1,Acc_Y1,Acc_Z1,Lin_X1,Lin_Y1,Lin_Z1,Gyr_X1,Gyr_Y1,Gyr_Z1,Euler_X1,Euler_Y1,Euler_Z1,Quat_W1,Quat_X1,Quat_Y1,Quat_Z1,Acc_X2,Acc_Y2,Acc_Z2,Lin_X2,Lin_Y2,Lin_Z2,Gyr_X2,Gyr_Y2,Gyr_Z2,Euler_X2,Euler_Y2,Euler_Z2,Quat_W2,Quat_X2,Quat_Y2,Quat_Z2
5990.0,0.21,9.35,1.42,0.13,9.33,-8.37,-0.13,-0.44,0.75,359.88,0.0,0.0,1.0,0.0,0.0,0.0,1.05,9.33,-2.28,-0.09,-0.08,0.17,2.56,-1.19,0.38,359.94,6.75,-104.56,0.61,0.78,-0.1,0.0
6044.0,0.09,9.32,1.47,-0.04,-0.37,0.0,0.06,0.19,1.13,359.88,0.81,-81.31,0.76,0.65,-0.01,0.0,1.1,9.36,-2.29,-0.05,-0.05,0.17,2.88,1.13,-0.31,359.94,6.75,-104.69,0.61,0.79,-0.1,0.0
6095.0,0.17,9.35,1.4,0.02,-0.34,-0.07,-0.13,0.06,1.56,359.81,0.88,-81.31,0.76,0.65,-0.01,0.0,1.17,9.28,-2.45,0.01,-0.12,0.03,1.5,3.63,-0.75,359.81,6.75,-104.75,0.61,0.79,-0.1,0.0
6147.0,0.11,9.32,1.36,-0.05,-0.36,-0.1,0.56,1.56,1.75,359.69,0.94,-81.31,0.76,0.65,-0.01,0.0,1.0,9.28,-2.34,-0.21,-0.11,0.13,0.75,3.63,-0.88,359.56,6.75,-104.81,0.61,0.79,-0.09,0.0
6202.0,0.19,9.32,1.43,-0.06,-0.36,-0.06,0.56,-0.5,1.44,359.63,1.06,-81.31,0.76,0.65,-0.01,0.0,1.11,9.33,-2.44,-0.04,-0.07,0.05,1.63,1.44,0.13,359.44,6.75,-104.81,0.61,0.79,-0.09,0.0
6254.0,0.26,9.31,1.4,0.06,-0.37,-0.06,0.63,-1.06,1.44,359.56,1.13,-81.31,0.76,0.65,-0.01,0.0,1.05,9.26,-2.52,-0.1,-0.14,-0.02,0.75,1.63,-0.06,359.31,6.75,-104.88,0.61,0.79,-0.09,0.0
6305.0,0.24,9.31,1.41,0.03,-0.37,-0.05,0.38,-1.44,1.06,359.56,1.19,-81.31,0.76,0.65,-0.01,0.0,1.09,9.28,-2.47,-0.07,-0.12,0.03,0.19,0.94,0.38,359.31,6.75,-104.88,0.61,0.79,-0.09,0.0
6358.0,0.12,9.35,1.43,-0.09,-0.34,-0.04,0.56,-1.75,1.25,359.56,1.25,-81.31,0.76,0.65,-0.01,0.0,1.03,9.36,-2.29,-0.12,-0.04,0.2,-1.56,-1.44,1.13,359.31,6.81,-104.81,0.61,0.79,-0.09,0.0
6412.0,0.33,9.37,1.38,0.05,-0.36,-0.05,0.75,-3.56,1.19,359.63,1.38,-81.38,0.76,0.65,-0.01,0.0,1.11,9.3,-2.52,-0.06,-0.1,-0.02,-2.44,-1.81,0.94,359.38,6.81,-104.69,0.61,0.79,-0.09,0.0
6464.0,0.16,9.31,1.35,-0.08,-0.37,-0.1,0.75,-3.81,0.94,359.75,1.44,-81.44,0.76,0.65,-0.02,0.0,1.32,9.35,-2.34,0.15,-0.06,0.09,-3.81,3.38,0.06,359.38,6.81,-104.5,0.61,0.78,-0.09,0.0
6515.0,0.74,9.26,1.46,0.47,-0.43,0.01,1.25,-4.06,1.0,359.94,1.5,-81.5,0.76,0.65,-0.02,0.0,1.46,9.27,-2.7,0.29,-0.16,-0.31,-9.69,-3.0,0.13,359.44,6.81,-104.19,0.61,0.78,-0.09,0.0
6567.0,0.79,9.33,1.2,0.53,-0.36,-0.23,0.81,0.81,-1.56,359.94,1.5,-81.56,0.76,0.65,-0.02,0.0,1.16,9.23,-2.95,0.0,-0.21,-0.63,-6.06,-4.19,0.38,359.63,6.81,-103.81,0.62,0.78,-0.09,0.0
6622.0,0.94,9.33,1.38,0.47,-0.4,-0.04,0.0,2.13,-5.81,359.88,1.56,-81.63,0.76,0.65,-0.02,0.0,1.33,9.28,-2.61,0.17,-0.18,-0.31,-4.88,-8.31,-0.44,0.19,6.75,-103.63,0.62,0.78,-0.1,0.0
6674.0,0.41,9.36,1.07,0.18,-0.33,-0.34,-0.56,7.0,-7.75,359.88,1.38,-81.63,0.76,0.65,-0.02,0.0,0.87,9.4,-2.34,-0.26,-0.05,-0.03,0.88,-0.81,-3.38,0.5,6.63,-103.69,0.62,0.78,-0.1,0.0
6725.0,-0.17,9.34,1.24,-0.33,-0.35,-0.18,-1.75,7.69,-7.81,359.94,0.94,-81.56,0.76,0.65,-0.01,0.0,0.86,9.53,-1.93,-0.24,0.07,0.38,1.5,3.25,-4.75,0.56,6.44,-103.75,0.62,0.78,-0.1,0.0
6779.0,-0.66,9.39,1.28,-0.76,-0.3,-0.16,-0.69,4.63,-5.19,0.0,0.5,-81.5,0.76,0.65,-0.01,0.0,0.66,9.69,-1.64,-0.42,0.22,0.68,-0.25,-0.56,-1.81,0.69,6.25,-103.75,0.62,0.78,-0.09,0.0
6834.0,-0.37,9.35,1.36,-0.41,-0.34,-0.08,-0.56,-0.88,-1.69,0.25,0.25,-81.44,0.76,0.65,0.0,0.0,0.62,9.57,-1.81,-0.43,0.06,0.41,-1.88,-0.94,-0.19,1.0,6.06,-103.38,0.62,0.78,-0.09,-0.01
6885.0,-0.26,9.36,1.3,-0.28,-0.33,-0.14,-0.63,-3.0,0.5,0.5,0.06,-81.5,0.76,0.65,0.0,0.0,1.0,9.53,-1.94,-0.02,0.03,0.26,-3.31,-4.06,2.69,1.38,5.94,-103.13,0.62,0.78,-0.09,-0.01
6938.0,-0.05,9.33,1.43,-0.08,-0.36,-0.01,-0.38,-2.5,1.94,0.63,0.13,-81.44,0.76,0.65,-0.01,0.0,1.0,9.56,-2.03,-0.03,0.06,0.16,-2.0,-2.69,2.5,1.5,6.06,-103.0,0.62,0.78,-0.1,-0.01
6994.0,-0.12,9.31,1.44,-0.17,-0.38,-0.01,-0.88,-3.81,3.13,0.63,0.25,-81.44,0.76,0.65,-0.01,0.0,0.89,9.46,-2.02,-0.15,0.09,0.29,-2.44,-5.44,3.81,1.63,6.13,-102.88,0.62,0.78,-0.1,-0.01
7046.0,0.02,9.3,1.44,-0.05,-0.39,-0.01,-0.06,-4.88,4.06,0.63,0.44,-81.44,0.76,0.65,-0.01,0.0,1.15,9.52,-2.17,0.08,0.02,-0.01,-1.19,-1.56,3.19,1.63,6.25,-102.75,0.62,0.77,-0.1,-0.01
7098.0,0.32,9.32,1.34,0.19,-0.36,-0.11,0.0,-4.81,4.0,0.63,0.69,-81.44,0.76,0.65,-0.01,0.0,1.18,9.42,-2.27,0.09,-0.08,-0.12,-1.06,0.25,1.88,1.5,6.38,-102.69,0.63,0.77,-0.1,-0.01
7148.0,0.38,9.32,1.39,0.22,-0.37,-0.06,0.0,-3.0,3.13,0.56,0.94,-81.44,0.76,0.65,-0.01,0.0,1.21,9.43,-2.33,0.1,-0.06,-0.18,0.56,-0.06,1.69,1.44,6.5,-102.69,0.62,0.77,-0.1,-0.01
7198.0,0.31,9.3,1.44,0.11,-0.39,-0.01,-0.13,-2.38,1.94,0.5,1.13,-81.44,0.76,0.65,-0.02,0.0,1.19,9.48,-2.24,0.07,-0.01,-0.06,3.0,-3.25,1.44,1.44,6.56,-102.88,0.62,0.78,-0.1,-0.01
7249.0,0.22,9.33,1.38,0.01,-0.36,-0.07,-0.06,-2.31,1.44,0.56,1.19,-81.44,0.76,0.65,-0.02,0.0,1.16,9.45,-2.31,0.03,-0.04,-0.11,2.13,-3.25,1.19,1.56,6.56,-103.0,0.62,0.78,-0.1,-0.01
7302.0,0.17,9.34,1.36,-0.04,-0.34,-0.08,-0.13,-1.31,1.19,0.56,1.25,-81.44,0.76,0.65,-0.02,0.0,1.13,9.46,-2.24,0.01,-0.02,-0.03,1.0,-1.63,0.5,1.69,6.56,-103.13,0.62,0.78,-0.1,-0.01
7355.0,0.33,9.3,1.35,0.09,-0.39,-0.1,-0.19,-0.25,1.0,0.56,1.31,-81.44,0.76,0.65,-0.02,0.0,1.24,9.44,-2.28,0.0,-0.04,-0.09,0.75,-0.69,0.44,1.69,6.56,-103.19,0.62,0.78,-0.1,-0.01
7407.0,0.33,9.3,1.39,0.09,-0.38,-0.05,0.19,-0.69,0.44,0.56,1.38,-81.44,0.76,0.65,-0.02,0.0,1.15,9.47,-2.3,0.02,0.0,-0.07,0.94,-1.19,0.25,1.75,6.56,-103.25,0.62,0.78,-0.1,-0.01
7461.0,0.29,9.34,1.45,0.05,-0.37,-0.01,-0.06,-0.44,0.0,0.56,1.38,-81.44,0.76,0.65,-0.02,0.0,1.12,9.43,-2.27,0.0,-0.04,-0.03,0.94,-0.19,-0.38,1.75,6.56,-103.25,0.62,0.78,-0.1,-0.01
7516.0,0.29,9.3,1.35,0.05,-0.38,-0.1,0.06,-0.75,-0.44,0.56,1.38,-81.44,0.76,0.65,-0.02,0.0,1.13,9.39,-2.3,-0.01,-0.09,-0.08,0.25,0.5,-0.88,1.75,6.56,-103.31,0.62,0.78,-0.1,-0.01
7568.0,0.3,9.3,1.34,0.06,-0.38,-0.1,0.13,0.31,-0.81,0.56,1.38,-81.44,0.76,0.65,-0.02,0.0,1.11,9.46,-2.27,0.0,-0.01,-0.02,1.0,-0.38,-0.63,1.75,6.56,-103.38,0.62,0.78,-0.1,-0.01
7621.0,0.3,9.32,1.43,0.07,-0.36,-0.1,-0.31,0.81,-1.19,0.56,1.31,-81.44,0.76,0.65,-0.02,0.0,1.14,9.44,-2.24,0.03,-0.03,0.0,0.69,1.63,-1.38,1.75,6.5,-103.38,0.62,0.78,-0.1,-0.01
7673.0,0.14,9.3,1.38,0.1,-0.36,-0.06,-0.38,0.94,-1.19,0.56,1.25,-81.44,0.76,0.65,-0.02,0.0,1.09,9.43,-2.26,-0.02,-0.04,0.0,0.88,2.0,-1.44,1.69,6.5,-103.38,0.62,0.78,-0.1,-0.01
7725.0,0.14,9.32,1.33,-0.06,-0.36,-0.11,-0.38,2.19,-1.13,0.56,1.19,-81.44,0.76,0.65,-0.02,0.0,1.05,9.48,-2.25,-0.04,0.0,0.01,1.5,2.5,-1.38,1.63,6.44,-103.44,0.62,0.78,-0.1,-0.01
7775.0,0.19,9.31,1.4,0.0,-0.38,-0.05,-0.19,0.69,-1.31,0.56,1.13,-81.44,0.76,0.65,-0.02,0.0,1.12,9.4,-2.27,0.02,-0.07,0.0,1.63,3.75,-1.88,1.5,6.38,-103.5,0.62,0.78,-0.1,-0.01
7826.0,0.01,9.37,1.29,-0.16,-0.32,-0.16,-0.44,3.5,-1.06,0.5,1.06,-81.44,0.76,0.65,-0.02,0.0,0.99,9.5,-2.22,-0.1,0.02,0.05,1.81,4.25,-1.5,1.31,6.38,-103.56,0.62,0.78,-0.1,-0.01
7876.0,0.09,9.28,1.41,-0.08,-0.4,-0.04,0.0,2.25,-0.75,0.44,1.0,-81.44,0.76,0.65,-0.01,0.0,1.12,9.46,-2.27,0.03,0.0,0.0,1.31,2.94,-1.13,1.13,6.31,-103.56,0.62,0.78,-0.1,-0.01
7927.0,0.21,9.32,1.33,0.05,-0.36,-0.11,-0.19,1.63,-0.81,0.44,0.94,-81.44,0.76,0.65,-0.01,0.0,1.02,9.43,-2.26,0.0,-0.02,0.01,0.81,2.5,-0.75,1.06,6.31,-103.56,0.62,0.78,-0.1,-0.01
7980.0,0.08,9.31,1.34,-0.07,-0.38,-0.11,-0.94,1.5,-0.81,0.38,0.88,-81.44,0.76,0.65,-0.01,0.0,0.91,9.44,-2.29,-0.17,-0.02,0.0,1.5,3.19,-1.19,0.88,6.31,-103.63,0.62,0.78,-0.1,-0.01
8033.0,0.09,9.35,1.31,-0.01,-0.36,-0.06,-0.56,-1.88,-1.38,0.44,0.81,-81.38,0.76,0.65,-0.01,0.0,1.01,9.44,-2.36,-0.06,-0.02,-0.05,0.94,-0.25,-0.25,0.88,6.25,-103.69,0.62,0.78,-0.09,0.0
8087.0,0.17,9.31,1.35,0.03,-0.38,-0.12,-1.06,0.88,-1.69,0.56,0.75,-81.31,0.76,0.65,-0.01,0.0,1.16,9.41,-2.37,0.01,-0.06,0.03,1.56,1.06,-0.5,0.81,6.25,-103.75,0.62,0.78,-0.09,0.0
8139.0,0.22,9.31,1.41,0.11,-0.37,-0.06,-1.13,0.75,-2.5,0.69,0.63,-81.25,0.76,0.65,-0.01,0.0,1.09,9.35,-2.46,0.02,-0.09,-0.1,6.44,6.5,-2.0,0.56,6.25,-104.0,0.62,0.78,-0.09,0.0
8193.0,0.1,9.27,1.46,0.0,-0.28,-0.08,-1.81,3.75,-2.19,0.75,0.5,-81.19,0.76,0.65,-0.01,-0.01,1.09,9.48,-2.42,0.01,0.03,-0.02,4.06,4.69,-0.75,0.25,6.25,-104.25,0.61,0.78,-0.09,0.0
8246.0,0.07,9.3,1.5,0.0,-0.38,0.0,-1.81,4.88,-1.69,0.63,0.38,-81.13,0.76,0.65,-0.01,0.0,1.03,9.47,-2.34,-0.03,0.03,0.07,-0.19,5.19,-2.13,0.0,6.25,-104.31,0.61,0.78,-0.09,0.0
8297.0,-0.02,9.35,1.46,-0.07,-0.33,-0.06,-1.19,2.63,-1.31,0.5,0.25,-81.06,0.76,0.65,-0.01,0.0,0.98,9.34,-2.41,-0.18,-0.16,-0.03,-1.5,6.69,-2.75,359.69,6.19,-104.19,0.61,0.78,-0.09,0.0
8351.0,0.11,9.31,1.4,0.08,-0.36,-0.12,-1.63,1.25,-2.19,0.5,0.19,-81.0,0.76,0.65,-0.01,0.0,0.95,9.32,-2.53,-0.1,-0.11,-0.11,5.13,3.88,-1.06,359.31,6.19,-104.38,0.61,0.79,-0.08,0.0
8402.0,0.11,9.28,1.59,0.24,-0.39,0.0,-1.38,-2.25,-3.25,0.75,0.0,-80.88,0.76,0.65,0.0,-0.01,0.99,9.24,-2.57,-0.07,-0.18,-0.11,5.31,-3.19,0.38,359.31,6.19,-104.63,0.61,0.79,-0.08,0.0
8455.0,0.25,9.32,1.43,0.24,-0.34,-0.1,-1.81,-1.19,-5.06,0.94,-0.06,-80.81,0.76,0.65,0.0,-0.01,0.95,9.24,-2.55,-0.1,-0.17,-0.02,9.31,-7.31,1.69,359.56,6.19,-105.0,0.61,0.79,-0.09,0.0
8508.0,-0.13,9.34,1.46,-0.07,-0.33,-0.11,-1.81,0.38,-5.44,1.25,-0.31,-80.75,0.76,0.65,0.0,-0.01,1.03,9.26,-2.22,0.03,-0.16,0.33,15.31,-4.19,2.88,359.69,6.25,-105.75,0.6,0.79,-0.09,0.0
8561.0,-0.17,9.28,1.51,-0.07,-0.39,-0.07,-1.5,-0.25,-4.44,1.5,-0.56,-80.63,0.76,0.65,0.0,-0.01,1.25,9.21,-2.5,0.15,-0.12,0.3,21.44,4.56,3.25,359.38,6.44,-106.69,0.6,0.8,-0.09,0.0
8613.0,0.33,9.27,1.44,0.64,-0.4,-0.07,-2.13,7.06,-4.56,1.5,-0.88,-80.5,0.76,0.65,0.0,-0.01,1.34,8.85,-3.17,0.19,-0.41,-0.18,28.69,20.75,-1.75,358.13,6.69,-107.88,0.59,0.8,-0.09,0.01
8667.0,0.45,9.3,1.41,0.67,-0.36,-0.21,-2.25,9.06,-7.75,1.38,-1.25,-80.44,0.76,0.65,0.01,-0.01,1.21,8.55,-3.2,-0.1,-0.67,0.0,36.5,32.69,1.0,355.44,7.25,-109.69,0.58,0.81,-0.08,0.02
8723.0,0.7,9.51,1.75,0.51,-0.34,0.28,-1.63,16.94,-11.63,1.19,-1.94,-80.38,0.76,0.65,0.02,-0.01,1.94,8.63,-3.72,0.6,-0.39,-0.14,49.38,32.81,2.06,352.75,7.88,-111.63,0.56,0.82,-0.07,0.04
8776.0,0.4,9.58,1.39,0.86,-0.07,-0.24,-1.06,10.88,-15.44,1.13,-2.69,-80.31,0.76,0.64,0.02,-0.01,1.28,7.83,-4.4,-0.22,-1.01,-0.45,54.94,38.75,7.44,349.06,8.81,-114.0,0.54,0.84,-0.06,0.05
8828.0,0.19,9.34,1.65,0.82,-0.3,0.0,-0.69,22.19,-18.75,1.5,-3.69,-80.31,0.76,0.64,0.04,-0.01,1.81,8.24,-4.21,0.11,-0.38,0.11,62.38,23.38,14.81,344.81,10.13,-117.19,0.52,0.85,-0.06,0.07
8883.0,-1.75,9.43,1.81,-0.05,0.14,-0.29,0.13,0.25,-23.0,1.75,-4.94,-80.44,0.76,0.64,0.05,-0.01,1.79,7.9,-4.99,-0.1,-0.58,-0.12,65.44,34.5,17.94,340.31,11.5,-120.19,0.5,0.86,-0.05,0.09
8936.0,-1.45,9.6,1.31,-0.4,-0.01,-0.28,5.0,-0.5,-23.06,3.13,-6.06,-80.5,0.76,0.64,0.05,-0.02,2.32,7.55,-5.49,0.09,-0.43,-0.25,58.81,13.38,28.06,336.25,13.13,-123.25,0.47,0.87,-0.06,0.1
8989.0,-1.72,9.36,1.77,-0.48,-0.23,0.18,-1.69,16.75,-22.25,4.38,-7.44,-80.56,0.76,0.64,0.06,-0.03,2.48,7.99,-5.62,0.48,0.75,0.25,63.38,13.0,39.19,330.75,15.19,-127.0,0.44,0.89,-0.07,0.12
9046.0,0.18,9.21,2.37,1.62,-0.35,0.8,6.88,-24.81,-24.75,5.63,-8.44,-80.69,0.76,0.65,0.06,-0.04,2.63,6.59,-5.14,-0.3,-0.56,0.87,67.38,29.06,44.88,324.19,17.44,-130.06,0.42,0.9,-0.07,0.13
9099.0,-3.07,9.92,1.75,-1.46,0.36,0.24,7.94,-3.56,-17.44,7.06,-9.44,-81.0,0.76,0.65,0.07,-0.05,3.7,7.57,-6.29,0.39,0.88,0.07,65.31,18.44,40.19,317.44,19.69,-133.56,0.39,0.91,-0.08,0.16
9152.0,-2.39,9.24,1.49,-0.67,-0.29,0.02,6.5,-8.88,-13.69,8.31,-10.06,-81.25,0.76,0.65,0.07,-0.06,2.34,6.34,-6.76,-0.96,0.24,0.09,59.56,9.31,38.81,310.06,21.69,-137.56,0.36,0.91,-0.09,0.17
9205.0,-0.94,9.48,1.38,0.85,-0.03,-0.09,-0.06,-21.31,-8.13,9.75,-10.5,-81.19,0.76,0.65,0.07,-0.06,3.73,6.05,-7.39,-0.12,0.36,-0.4,60.88,11.44,30.06,192.0,23.13,-140.88,0.33,0.92,-0.1,0.18
9260.0,-2.42,10.04,1.53,-0.6,0.52,0.04,-1.63,-19.63,-1.69,10.38,-10.63,-81.06,0.76,0.65,0.06,-0.07,4.36,5.92,-7.18,0.27,0.67,0.01,53.5,19.13,29.63,192.63,24.63,-143.88,0.31,0.93,-0.1,0.19
9314.0,-2.47,9.56,0.75,-0.85,0.25,-0.56,-2.56,-0.25,5.31,10.81,-10.44,-80.75,0.76,0.65,0.06,-0.07,3.93,6.12,-7.37,-0.41,1.46,-0.28,45.94,22.44,30.31,193.38,26.5,-147.06,0.29,0.93,-0.11,0.21
9368.0,-0.6,9.54,2.22,1.05,0.01,0.61,-4.88,-30.63,16.25,11.31,-9.75,-80.38,0.76,0.64,0.05,-0.08,4.51,4.23,-6.62,-0.07,-0.11,0.87,52.44,7.69,28.38,194.0,28.06,-150.5,0.26,0.93,-0.11,0.22
9426.0,-2.27,9.8,1.53,-0.8,0.24,-0.08,-2.44,-12.06,13.56,10.31,-8.63,-80.31,0.76,0.64,0.04,-0.07,4.9,4.4,-7.71,0.09,0.55,-0.08,50.81,17.06,26.13,194.38,29.31,-153.19,0.24,0.94,-0.12,0.23
9480.0,-1.45,9.47,2.1,-0.09,-0.08,0.42,-3.88,-3.0,11.88,10.38,-7.94,-80.0,0.76,0.64,0.03,-0.07,4.8,4.31,-7.91,-0.17,0.88,-0.19,41.19,19.0,24.69,194.88,30.5,-156.0,0.22,0.94,-0.12,0.24
9535.0,-1.46,9.32,2.29,0.39,-0.05,0.52,-2.75,-21.88,10.94,10.25,-7.25,-79.81,0.76,0.64,0.02,-0.07,5.15,4.04,-7.14,-0.31,1.05,0.49,39.5,18.13,30.25,195.69,31.75,-159.25,0.2,0.94,-0.13,0.25
9587.0,-1.32,10.12,1.72,-0.2,0.53,-0.01,-0.25,-14.38,9.06,10.13,-6.56,-79.69,0.76,0.64,0.02,-0.07,5.83,3.91,-7.68,0.51,1.35,0.14,39.38,1.19,36.63,196.63,32.88,-161.88,0.18,0.94,-0.14,0.26
9643.0,-1.2,9.28,1.44,-0.26,0.46,-0.58,-1.0,-5.75,11.19,10.31,-5.88,-79.56,0.76,0.64,0.01,-0.07,4.94,3.6,-8.47,-0.55,1.4,-0.66,29.06,20.13,32.25,197.81,34.31,-164.75,0.16,0.94,-0.15,0.28
9697.0,-0.55,9.29,0.88,0.37,-0.3,-0.89,-2.5,-7.0,7.31,10.44,-5.44,-79.44,0.77,0.64,0.0,-0.07,5.48,3.44,-8.38,-0.5,1.24,-1.2,28.31,15.38,24.56,198.69,35.19,-167.06,0.14,0.93,-0.15,0.28
9749.0,-0.85,9.89,1.33,0.02,0.29,-0.46,-3.75,-9.5,5.25,10.25,-5.06,-79.31,0.77,0.64,0.0,-0.07,5.65,2.66,-8.42,-0.1,1.13,-0.63,24.06,12.56,13.69,199.19,35.94,-168.88,0.13,0.93,-0.16,0.29
9802.0,-0.73,9.78,0.96,0.1,0.19,-0.87,-4.63,6.19,2.5,10.06,-4.88,-79.13,0.77,0.64,0.0,-0.07,5.67,2.76,-8.8,-0.17,1.41,-1.05,18.69,7.63,6.06,199.19,36.63,-170.31,0.12,0.93,-0.16,0.3
9856.0,-0.76,9.43,1.75,0.01,-0.05,0.02,-6.56,1.06,-3.25,10.0,-5.0,-78.81,0.77,0.64,0.0,-0.07,5.66,3.18,-8.61,-0.09,2.04,-0.99,6.19,1.81,-3.13,198.94,36.81,-170.81,0.12,0.93,-0.16,0.3
9908.0,-1.26,9.65,2.12,-0.38,0.08,0.2,-3.5,3.56,-2.13,9.88,-5.13,-78.63,0.77,0.63,0.0,-0.07,6.36,3.65,-8.56,0.5,2.37,-0.8,-7.31,-2.38,-6.88,198.75,36.69,-170.56,0.12,0.93,-0.15,0.3
9961.0,-1.33,9.47,2.21,-0.43,-0.09,0.26,-2.56,1.19,0.31,9.75,-5.19,-78.5,0.77,0.63,0.0,-0.07,5.79,3.22,-8.41,-0.03,1.8,-0.66,-16.69,-5.69,-10.5,198.5,36.44,-169.63,0.13,0.93,-0.15,0.3
10015.0,-1.18,9.72,1.84,-0.3,0.15,-0.11,0.06,6.13,2.81,9.56,-5.13,-78.44,0.77,0.63,0.01,-0.06,5.61,3.11,-8.48,0.14,1.29,-0.53,-26.88,-8.63,-12.69,198.31,35.88,-167.81,0.14,0.93,-0.15,0.29
10070.0,-0.74,9.49,1.95,0.12,-0.07,0.0,0.69,-1.75,0.75,9.5,-5.06,-78.44,0.77,0.63,0.01,-0.06,5.23,2.87,-8.18,-0.41,0.94,-0.41,-34.13,-8.56,-12.13,198.25,35.19,-166.0,0.15,0.93,-0.15,0.28
10127.0,-0.97,9.5,2.04,-0.09,-0.06,0.09,-1.63,-3.81,0.0,9.38,-5.06,-78.44,0.77,0.63,0.01,-0.06,5.43,3.08,-8.03,-0.21,1.01,-0.3,-36.94,-12.5,-11.69,198.25,34.13,-163.44,0.17,0.93,-0.15,0.27
10183.0,-0.87,9.7,1.9,0.49,-0.29,0.34,-1.31,-2.44,1.06,9.44,-5.06,-78.38,0.77,0.63,0.01,-0.06,5.52,2.81,-7.61,0.12,0.19,0.14,-38.19,-14.31,-10.81,198.38,33.31,-161.31,0.19,0.93,-0.15,0.26
10236.0,-1.36,9.62,1.95,-0.49,0.06,-0.01,1.06,4.31,-0.38,9.38,-5.06,-78.38,0.77,0.63,0.01,-0.06,5.09,3.83,-8.03,0.1,0.98,0.06,-47.13,-13.81,-12.94,198.56,32.31,-158.5,0.21,0.93,-0.15,0.25
10290.0,-1.01,9.55,2.06,-0.14,-0.01,0.1,2.06,1.94,-0.06,9.63,-5.06,-78.44,0.77,0.63,0.0,-0.07,5.14,4.07,-7.98,0.06,0.68,-0.31,-48.5,-19.56,-11.38,198.94,31.19,-156.19,0.23,0.93,-0.16,0.24
10345.0,-1.5,9.34,2.31,-0.68,0.02,0.0,-1.25,-6.38,0.69,9.75,-5.06,-78.5,0.77,0.63,0.0,-0.07,4.7,4.41,-8.0,-0.23,0.64,-0.41,-50.69,-19.75,-11.13,199.19,30.19,-153.56,0.25,0.93,-0.16,0.23
10398.0,-1.48,9.39,2.1,-0.64,-0.18,0.18,6.38,-0.88,6.06,9.63,-4.88,-78.63,0.77,0.63,0.0,-0.07,4.54,5.17,-7.28,-0.17,1.0,0.22,-56.56,-29.63,-19.19,199.5,28.44,-150.31,0.27,0.93,-0.16,0.21
10449.0,-0.89,9.7,1.62,-0.13,0.11,-0.27,1.5,4.63,13.06,9.19,-4.44,-78.75,0.77,0.63,0.0,-0.06,4.25,5.44,-7.9,-0.59,0.78,-0.27,-57.06,-22.94,-25.94,199.44,27.06,-147.44,0.29,0.92,-0.16,0.2
10503.0,-0.9,9.83,1.67,-0.3,0.23,-0.21,0.06,-7.69,20.5,8.19,-3.5,-78.81,0.77,0.64,-0.01,-0.05,3.96,5.41,-7.14,-0.19,0.23,0.06,-59.0,-20.75,-34.38,198.94,25.13,-144.31,0.32,0.92,-0.15,0.18
10557.0,-0.7,9.41,2.09,-0.32,-0.19,0.19,-1.25,-0.94,25.81,6.75,-2.19,-78.75,0.77,0.63,-0.01,-0.05,3.5,5.83,-6.79,-0.06,0.41,0.41,-62.0,-30.31,-39.88,198.06,22.5,-140.44,0.35,0.91,-0.15,0.15
10612.0,0.22,9.79,0.99,0.37,0.17,-0.93,-3.81,-2.13,27.31,5.38,-0.81,-78.56,0.77,0.63,-0.02,-0.04,3.51,5.62,-6.91,0.09,-0.64,-0.19,-67.0,-14.19,-42.38,319.94,20.31,-136.94,0.37,0.91,-0.14,0.14
10668.0,-0.5,10.1,1.34,-0.61,0.49,-0.61,-3.31,13.88,28.69,3.44,0.63,-78.44,0.77,0.63,-0.03,-0.02,3.06,6.56,-5.88,0.71,-0.29,0.66,-68.31,-10.56,-41.44,328.06,18.0,-132.63,0.41,0.9,-0.13,0.12
10725.0,1.72,9.2,2.23,1.09,-0.47,0.05,-1.81,10.44,25.5,1.88,2.13,-78.19,0.78,0.63,-0.03,-0.01,2.28,6.25,-6.07,-0.46,-1.04,-0.14,-64.31,-5.25,-39.69,333.25,16.25,-129.06,0.44,0.89,-0.11,0.1
10780.0,0.47,9.59,1.44,-0.05,0.02,-0.58,-1.69,16.31,22.81,359.44,3.31,-77.94,0.78,0.63,-0.03,0.0,3.27,6.54,-5.34,0.82,-1.19,0.14,-53.38,-1.81,-38.0,338.25,14.44,-125.31,0.46,0.88,-0.1,0.09
10836.0,0.9,9.4,2.0,0.19,-0.15,-0.05,-1.75,18.06,17.31,358.06,4.13,-77.75,0.78,0.63,-0.04,0.01,2.37,7.44,-5.06,0.1,-0.58,0.08,-54.94,-0.81,-23.19,340.63,13.31,-122.56,0.48,0.87,-0.09,0.08
10890.0,0.62,9.64,1.62,-0.17,0.1,-0.46,-1.5,23.25,16.13,356.56,4.69,-77.63,0.78,0.63,-0.03,0.02,2.0,8.32,-4.39,0.0,0.16,0.14,-42.5,1.25,-19.56,343.5,12.19,-119.88,0.5,0.86,-0.09,0.07
10945.0,1.05,9.43,2.58,0.03,-0.22,0.5,1.88,5.69,15.5,355.38,5.5,-77.56,0.78,0.63,-0.04,0.03,2.81,8.2,-4.28,0.84,-0.29,0.19,-36.81,2.25,-12.69,344.94,11.56,-117.75,0.52,0.85,-0.08,0.07
10997.0,0.98,9.37,2.22,-0.06,-0.14,0.13,1.75,-1.56,12.75,354.56,6.06,-77.56,0.78,0.63,-0.04,0.04,2.04,8.13,-4.38,0.17,-0.52,-0.16,-38.44,2.44,-14.81,346.44,10.94,-115.94,0.53,0.84,-0.08,0.06
11049.0,1.01,9.39,2.15,-0.12,-0.11,0.07,-0.06,-0.56,9.63,354.06,6.63,-77.69,0.78,0.63,-0.04,0.04,1.45,8.67,-3.91,-0.34,-0.11,0.02,-34.69,-4.44,-6.31,347.5,10.5,-114.13,0.54,0.83,-0.08,0.06
11101.0,0.37,9.53,1.92,-0.84,0.02,-0.13,2.31,-12.0,9.06,353.81,7.13,-77.81,0.78,0.63,-0.05,0.04,1.58,9.25,-3.29,-0.16,0.34,0.41,-35.69,-7.5,-2.94,348.81,10.13,-112.25,0.56,0.82,-0.08,0.05
11152.0,1.06,9.2,2.58,-0.26,-0.3,0.57,7.13,-6.0,12.69,353.75,7.75,-78.06,0.77,0.63,-0.05,0.04,2.2,8.92,-3.05,0.6,-0.34,0.31,-34.38,5.06,-9.88,349.44,9.81,-110.63,0.57,0.82,-0.07,0.05
11203.0,1.9,9.64,1.12,0.48,0.13,-0.82,4.56,8.13,10.13,353.06,8.25,-78.38,0.77,0.63,-0.06,0.05,1.13,8.6,-3.77,-0.81,-0.44,-0.55,-20.88,6.38,-11.31,349.63,9.5,-109.25,0.58,0.81,-0.07,0.05
11255.0,1.92,9.33,2.4,0.88,-0.12,0.21,5.31,-7.38,6.69,352.63,8.81,-78.63,0.77,0.63,-0.06,0.05,2.11,8.65,-3.26,0.53,-0.54,-0.25,-16.88,-0.19,-4.81,350.0,9.19,-108.13,0.59,0.81,-0.07,0.05
11309.0,1.5,9.37,1.88,-0.02,-0.12,0.02,4.69,-4.88,2.38,352.5,9.0,-78.88,0.77,0.63,-0.06,0.05,1.86,8.89,-3.05,0.32,-0.33,-0.12,-11.0,-2.63,-2.69,350.56,9.0,-107.44,0.59,0.8,-0.07,0.05
11363.0,2.6,9.21,1.69,1.05,-0.29,-0.13,2.75,12.63,1.13,352.44,9.06,-79.06,0.77,0.63,-0.06,0.05,1.9,8.74,-3.47,0.22,-0.35,-0.34,-1.25,8.63,-6.44,350.56,8.81,-107.19,0.59,0.8,-0.06,0.05
11416.0,1.42,9.56,1.91,0.03,0.11,0.13,4.38,3.25,0.75,351.94,9.0,-79.25,0.77,0.64,-0.06,0.05,1.73,9.33,-2.67,0.25,0.06,0.15,-2.56,8.0,-5.44,350.31,8.69,-107.0,0.59,0.8,-0.06,0.05
11468.0,1.69,9.51,1.5,0.15,0.0,-0.25,4.44,-7.75,0.31,351.94,9.06,-79.44,0.77,0.64,-0.06,0.05,1.19,8.83,-3.14,-0.15,-0.56,-0.42,-5.19,-0.56,-2.31,350.44,8.5,-106.75,0.6,0.8,-0.06,0.05
11526.0,1.81,9.46,1.44,0.23,0.01,-0.35,1.94,-1.25,-2.94,352.13,9.06,-79.69,0.77,0.64,-0.06,0.05,1.64,8.97,-3.08,0.21,-0.3,-0.26,6.19,-1.13,-2.56,350.69,8.38,-106.88,0.59,0.8,-0.06,0.05
11580.0,1.36,9.59,1.59,-0.15,0.06,-0.13,-0.69,1.75,-3.69,352.38,8.88,-79.69,0.77,0.64,-0.06,0.05,1.19,9.04,-3.12,0.03,-0.35,-0.09,7.75,-3.81,-0.13,350.75,8.25,-107.38,0.59,0.8,-0.06,0.05
11636.0,1.74,9.42,1.58,0.3,-0.11,-0.25,-1.81,2.5,-5.81,352.5,8.56,-79.56,0.77,0.64,-0.06,0.05,1.15,8.83,-3.08,-0.25,-0.39,-0.08,16.06,-3.88,1.63,350.81,8.25,-108.0,0.59,0.81,-0.06,0.05
11688.0,2.17,9.44,1.71,0.75,-0.09,-0.05,-1.94,1.69,-10.31,352.69,8.31,-79.5,0.77,0.64,-0.05,0.05,1.05,8.43,-3.27,-0.38,-0.73,-0.1,26.94,-0.31,5.5,350.5,8.38,-109.06,0.58,0.81,-0.06,0.05
11743.0,1.93,9.33,1.6,0.11,-0.29,-0.04,6.81,1.0,-19.19,353.38,7.38,-79.69,0.77,0.64,-0.05,0.04,2.15,8.76,-3.38,0.52,-0.05,0.78,33.88,-2.69,14.81,349.44,9.06,-111.25,0.56,0.82,-0.06,0.05
11797.0,1.95,9.01,2.1,0.84,-0.58,0.39,1.25,3.19,-19.69,354.19,6.5,-79.88,0.77,0.64,-0.04,0.04,2.17,8.58,-4.0,0.56,-0.29,-0.17,48.0,18.13,1.44,348.06,9.44,-113.31,0.55,0.83,-0.06,0.06
11848.0,0.74,9.64,1.83,-0.23,0.03,0.13,0.81,1.75,-13.75,354.69,5.69,-79.94,0.77,0.64,-0.04,0.04,2.1,8.83,-3.59,0.36,0.11,0.54,46.31,15.63,9.13,345.75,10.19,-115.38,0.53,0.84,-0.06,0.07
11898.0,1.6,9.72,1.01,0.75,0.1,-0.66,2.88,3.38,-17.81,355.38,4.94,-80.06,0.76,0.64,-0.03,0.03,1.34,7.6,-4.94,-0.52,-0.92,-0.47,49.81,19.75,9.81,343.0,10.94,-117.63,0.52,0.85,-0.06,0.08
11950.0,0.32,9.74,1.89,-0.37,0.11,0.21,-0.25,2.75,-17.25,356.25,4.06,-80.13,0.76,0.64,-0.03,0.02,3.0,8.32,-3.96,1.0,0.01,0.84,48.56,9.81,16.5,341.13,11.75,-120.06,0.5,0.86,-0.06,0.08
12000.0,1.58,9.29,1.81,1.05,-0.35,0.14,1.94,8.88,-21.06,357.06,3.06,-80.19,0.76,0.64,-0.02,0.02,1.78,7.18,-5.27,-0.39,-0.86,-0.11,55.19,23.63,19.38,337.63,12.75,-122.69,0.48,0.87,-0.06,0.09
12051.0,-0.78,10.01,1.75,-1.12,0.34,0.11,4.19,3.13,-21.31,357.63,2.0,-80.38,0.76,0.65,-0.01,0.02,2.72,7.43,-5.15,0.35,-0.27,0.41,68.0,0.38,30.31,334.56,13.94,-125.81,0.45,0.88,-0.07,0.1
12102.0,-1.04,10.11,1.28,-1.21,0.44,-0.33,1.31,4.38,-19.0,359.44,0.94,-80.44,0.76,0.65,-0.01,0.0,2.37,8.05,-5.55,-0.26,0.73,0.4,62.38,9.69,38.5,330.19,15.63,-129.13,0.43,0.89,-0.08,0.11
12153.0,1.57,8.8,2.48,1.56,-0.87,0.89,4.69,-25.06,-24.31,0.44,0.06,-80.63,0.76,0.65,0.0,-0.01,3.65,5.83,-5.98,0.69,-1.06,0.32,66.06,23.88,47.13,324.31,17.56,-132.44,0.4,0.9,-0.09,0.13
12205.0,-1.52,10.19,1.38,-1.38,0.51,-0.15,6.75,5.19,-17.19,1.94,-1.0,-81.0,0.76,0.65,0.0,-0.01,3.98,6.26,-6.92,0.66,-0.13,-0.28,66.56,10.56,44.69,317.56,19.81,-136.0,0.37,0.91,-0.1,0.15
12257.0,-0.49,9.64,1.05,-0.99,0.48,-0.94,8.06,12.0,-18.44,3.44,-2.0,-81.38,0.76,0.65,0.0,-0.02,2.5,6.21,-7.25,-1.3,0.23,-0.47,48.75,10.63,47.56,194.25,22.13,-139.81,0.35,0.92,-0.11,0.16
12309.0,1.62,9.27,1.43,2.12,-0.4,0.0,2.5,-30.25,-25.5,5.13,-2.94,-81.56,0.76,0.65,0.0,-0.03,4.3,4.57,-6.58,0.37,-0.85,0.57,54.69,13.88,32.94,195.19,23.56,-142.81,0.32,0.92,-0.12,0.17
12361.0,-2.15,10.2,0.98,-1.49,0.52,-0.42,5.0,4.69,-17.56,6.19,-3.88,-81.69,0.76,0.65,0.01,-0.04,3.54,6.3,-7.76,-0.56,1.27,-0.41,50.44,13.88,15.44,195.44,24.75,-145.56,0.3,0.93,-0.13,0.19
12416.0,-1.17,9.61,1.29,-0.8,0.16,-0.65,-1.75,-3.69,-13.44,7.94,-4.75,-81.63,0.75,0.65,0.01,-0.05,3.77,5.57,-7.99,-0.5,1.24,-0.61,48.0,22.5,18.44,195.5,26.25,-148.56,0.28,0.93,-0.13,0.2
12470.0,0.34,9.48,2.3,1.23,-0.17,0.87,-1.19,-27.5,-11.56,9.06,-5.13,-81.5,0.75,0.65,0.01,-0.06,4.57,3.99,-6.63,0.01,-0.24,0.94,46.56,11.88,27.44,195.63,27.69,-150.81,0.26,0.93,-0.13,0.21
12528.0,-2.03,10.43,0.63,-1.06,0.78,-0.8,0.44,-2.88,-7.69,9.56,-5.63,-81.5,0.75,0.65,0.01,-0.06,5.03,5.38,-8.03,0.25,1.55,-0.37,36.56,20.06,19.19,196.0,29.13,-153.38,0.24,0.93,-0.13,0.23
12584.0,-0.36,8.65,1.43,-0.54,-0.2,-0.55,-5.56,-4.94,-7.5,10.63,-5.94,-81.13,0.76,0.65,0.01,-0.07,4.1,4.38,-8.12,-0.62,1.28,-0.77,36.63,21.81,18.0,196.44,30.5,-156.06,0.22,0.94,-0.14,0.24
12641.0,-0.9,9.55,1.43,0.15,-0.07,-0.1,-6.88,-11.31,-6.25,10.88,-6.13,-80.88,0.76,0.65,0.01,-0.07,4.85,3.58,-7.29,-0.24,0.49,0.49,39.5,9.56,18.88,196.69,31.25,-158.38,0.2,0.94,-0.14,0.25
12696.0,-1.63,10.19,1.02,-0.41,0.27,-0.32,-7.13,1.94,-4.94,11.06,-6.44,-80.5,0.76,0.65,0.01,-0.07,5.09,4.63,-8.27,-0.14,1.83,-0.46,33.56,9.88,16.75,196.81,32.25,-160.25,0.19,0.94,-0.14,0.26
12749.0,-1.1,9.36,1.92,0.02,-0.23,0.25,-6.31,1.81,-2.94,11.44,-6.56,-80.13,0.76,0.64,0.01,-0.08,5.4,4.03,-8.25,-0.11,1.69,-0.55,29.38,15.56,14.75,197.19,33.06,-162.56,0.17,0.94,-0.14,0.26
12801.0,-1.44,9.38,2.48,-0.29,-0.2,0.78,-3.94,-11.44,-3.25,11.56,-6.69,-79.94,0.76,0.64,0.01,-0.08,6.19,4.12,-7.91,0.35,2.15,0.26,22.94,-0.38,19.19,197.63,33.38,-164.31,0.16,0.94,-0.15,0.27
12853.0,-1.09,9.67,1.67,0.04,0.08,-0.03,-0.19,-4.94,1.88,11.81,-6.69,-79.88,0.76,0.64,0.01,-0.08,5.58,3.27,-8.4,0.11,1.27,-0.52,19.75,6.56,13.5,198.0,33.88,-165.75,0.15,0.94,-0.15,0.27
12903.0,-0.52,9.18,1.51,0.61,-0.4,-0.17,1.0,-1.5,-0.88,11.94,-6.63,-79.94,0.76,0.64,0.01,-0.08,4.88,2.61,-7.6,-0.63,0.8,0.29,18.5,8.94,11.5,198.31,34.25,-167.06,0.14,0.94,-0.15,0.28
12954.0,-0.84,9.93,1.37,0.29,0.34,-0.3,0.88,7.88,0.44,11.69,-6.69,-80.06,0.76,0.64,0.01,-0.08,5.42,2.74,-7.88,-0.15,1.09,0.01,17.75,3.69,7.31,198.44,34.63,-168.19,0.14,0.94,-0.15,0.28
13004.0,-1.45,9.79,1.53,-0.29,0.2,-0.15,-3.63,7.88,-0.31,11.44,-6.81,-79.94,0.76,0.64,0.01,-0.08,5.44,3.03,-8.16,-0.18,1.53,-0.27,18.25,2.38,7.19,198.5,35.0,-169.19,0.13,0.94,-0.15,0.29
13056.0,-1.51,9.8,1.78,-0.33,0.21,0.08,-2.5,5.75,-1.38,11.38,-6.88,-79.88,0.76,0.64,0.02,-0.08,5.78,3.13,-8.23,0.14,1.76,-0.32,13.31,-1.06,6.88,198.56,35.06,-170.19,0.12,0.94,-0.15,0.29
13107.0,-1.31,9.58,1.71,-0.31,0.11,0.17,-0.19,-0.88,-2.0,11.5,-7.0,-79.88,0.76,0.64,0.02,-0.08,5.97,3.15,-8.67,0.31,1.82,-0.77,4.56,2.69,4.44,198.63,35.19,-170.38,0.12,0.94,-0.15,0.29
13157.0,-1.44,9.63,1.56,-0.32,0.09,-0.24,1.25,0.88,-1.75,11.69,-7.19,-79.88,0.76,0.64,0.02,-0.08,5.54,3.26,-8.68,-0.09,1.93,-0.78,-5.63,2.94,1.13,198.81,35.13,-170.44,0.12,0.94,-0.16,0.29
13208.0,-1.52,9.82,1.47,-0.23,0.02,-0.22,-2.56,-3.88,-1.56,11.75,-7.25,-79.81,0.76,0.64,0.02,-0.08,5.63,3.08,-8.51,0.0,1.68,-0.61,-11.25,-4.75,-6.69,198.75,35.0,-169.94,0.12,0.94,-0.16,0.29
13260.0,-1.53,9.5,2.06,-0.26,-0.06,0.35,-2.0,-2.88,-1.19,11.81,-7.38,-79.88,0.76,0.64,0.02,-0.08,5.71,2.87,-8.42,0.17,1.13,-0.52,-18.69,-6.38,-12.13,198.06,34.19,-167.13,0.14,0.94,-0.15,0.28
13313.0,-1.58,9.77,1.57,-0.31,0.2,-0.15,-1.75,4.81,-1.06,11.81,-7.44,-79.75,0.76,0.64,0.02,-0.08,5.78,3.01,-8.57,0.27,0.88,-0.41,-28.0,-10.25,-13.75,197.81,33.5,-165.25,0.16,0.94,-0.15,0.27
13365.0,-1.03,9.58,1.48,0.25,0.02,-0.26,-3.0,-0.94,-2.44,12.06,-7.56,-79.56,0.76,0.64,0.02,-0.08,5.19,2.98,-8.47,-0.13,0.6,-0.58,-37.13,-9.25,-14.44,197.69,32.88,-163.19,0.17,0.94,-0.15,0.26
13419.0,-1.49,9.47,2.14,-0.17,-0.07,0.36,-1.81,-5.94,-3.13,12.19,-7.69,-79.44,0.76,0.64,0.02,-0.08,5.46,3.46,-8.1,0.26,0.79,-0.38,-44.69,-11.88,-13.69,197.69,31.81,-160.5,0.19,0.94,-0.15,0.25
13477.0,-1.85,9.72,1.72,-0.48,0.25,-0.18,1.38,-0.81,-0.31,12.31,-7.75,-79.5,0.76,0.64,0.02,-0.08,4.94,4.11,-8.18,-0.1,0.96,-0.39,-49.56,-15.0,-14.13,197.81,30.75,-157.44,0.21,0.94,-0.15,0.24
13535.0,-1.86,9.67,1.76,-0.57,0.13,0.02,0.25,-0.31,2.38,12.25,-7.69,-79.5,0.76,0.64,0.02,-0.08,4.9,4.17,-7.9,0.03,0.54,-0.21,-52.5,-16.56,-19.13,197.81,29.81,-154.69,0.23,0.93,-0.15,0.23
13591.0,-2.02,9.75,1.75,-0.72,0.19,0.0,1.75,3.75,5.38,12.13,-7.56,-79.5,0.76,0.64,0.02,-0.08,4.92,4.92,-7.79,0.27,0.77,-0.22,-53.19,-18.56,-21.5,197.75,28.25,-151.31,0.26,0.93,-0.15,0.21
13647.0,-1.95,9.41,2.11,-0.74,-0.08,0.26,0.69,-2.88,12.56,11.75,-7.19,-79.56,0.76,0.64,0.02,-0.08,4.19,5.1,-7.51,-0.24,0.52,-0.06,-57.19,-18.88,-21.94,197.63,26.88,-148.38,0.28,0.93,-0.14,0.2
13701.0,-1.58,9.89,1.29,-0.48,0.3,-0.45,0.69,3.94,18.94,11.0,-6.44,-79.63,0.76,0.64,0.01,-0.07,3.91,5.21,-7.58,-0.28,0.18,-0.28,-59.0,-29.25,-26.75,197.44,25.38,-145.38,0.31,0.92,-0.14,0.19
13753.0,-1.22,9.56,1.55,-0.3,-0.04,-0.21,-4.69,-9.63,24.25,10.0,-5.38,-79.5,0.77,0.64,0.01,-0.07,3.63,5.68,-7.2,-0.24,0.19,-0.07,-58.38,-19.38,-34.75,196.75,23.0,-141.69,0.33,0.92,-0.14,0.16
13806.0,-0.78,9.31,1.82,-0.08,-0.29,0.0,-5.88,4.06,29.0,8.38,-3.75,-79.19,0.77,0.64,0.0,-0.06,3.72,6.06,-6.56,0.21,0.0,0.3,-57.38,-28.19,-36.81,315.94,20.94,-138.56,0.36,0.91,-0.13,0.15
13857.0,-0.69,9.77,1.71,0.49,-0.2,-0.3,-5.38,3.88,31.81,6.81,-2.31,-78.94,0.77,0.64,-0.01,-0.05,3.32,5.91,-6.39,0.1,-0.6,0.17,-66.31,-14.81,-36.75,322.63,19.13,-135.19,0.38,0.91,-0.12,0.13
13910.0,-0.47,9.58,1.81,-0.33,-0.02,-0.1,-3.25,3.81,34.0,5.19,-0.81,-78.69,0.77,0.63,-0.02,-0.04,2.75,6.67,-5.89,-0.13,-0.29,0.37,-63.75,-16.81,-39.75,329.31,17.13,-131.94,0.41,0.9,-0.11,0.11
13963.0,-0.05,9.58,1.71,-0.18,-0.02,-0.23,-2.75,11.31,35.69,3.25,0.75,-78.5,0.77,0.63,-0.03,-0.02,3.09,6.56,-5.81,0.49,-0.84,0.05,-66.69,-7.69,-43.31,334.38,15.38,-128.38,0.44,0.89,-0.1,0.1
14015.0,0.59,9.51,2.36,0.19,-0.08,0.38,-1.88,2.69,33.38,1.63,2.31,-78.31,0.78,0.63,-0.04,-0.01,3.05,6.67,-5.36,1.02,-1.23,0.1,-70.06,6.0,-37.06,338.44,13.69,-124.13,0.47,0.87,-0.09,0.09
14066.0,2.7,8.87,2.29,1.61,-0.6,0.27,-1.5,16.25,25.44,359.44,3.81,-78.19,0.78,0.63,-0.04,0.0,1.99,7.18,-5.55,-0.14,-1.05,-0.67,-57.31,8.38,-36.56,340.5,12.56,-120.56,0.49,0.86,-0.07,0.08
14120.0,2.73,9.07,1.74,1.94,-0.49,-0.25,-2.13,1.63,14.63,358.13,4.63,-78.13,0.78,0.63,-0.04,0.01,2.45,7.43,-4.6,0.42,-0.94,-0.31,-52.19,-7.13,-16.13,343.19,11.31,-117.25,0.52,0.85,-0.06,0.08
14179.0,0.39,9.59,2.28,-0.51,0.04,0.27,0.38,-2.13,10.56,357.0,5.25,-78.13,0.78,0.63,-0.04,0.02,1.85,8.75,-3.87,0.08,0.01,0.21,-44.25,-20.63,-12.38,346.13,10.38,-115.06,0.54,0.84,-0.07,0.06
14235.0,0.04,9.76,1.89,-0.79,0.01,0.13,2.13,9.75,13.13,356.13,5.88,-78.06,0.78,0.63,-0.05,0.03,1.72,8.82,-3.29,0.08,-0.12,0.35,-50.19,-7.63,-10.81,348.13,9.63,-112.13,0.56,0.83,-0.06,0.06
14290.0,1.74,9.45,1.87,0.63,-0.08,-0.11,1.06,-9.06,9.38,356.0,6.5,-78.13,0.78,0.63,-0.05,0.03,1.5,8.38,-3.71,-0.04,-0.71,-0.4,-39.25,-12.0,-5.31,350.13,9.0,-109.56,0.58,0.81,-0.07,0.05
14348.0,1.79,9.28,1.79,0.31,0.01,-0.19,2.06,-4.63,6.25,356.0,6.94,-78.25,0.77,0.63,-0.06,0.03,1.13,8.75,-3.54,-0.32,-0.47,-0.57,-36.94,-12.38,-5.63,351.38,8.56,-107.81,0.59,0.8,-0.07,0.04
14400.0,2.3,9.26,2.02,1.07,-0.26,0.07,2.94,-7.75,1.75,356.0,7.19,-78.44,0.77,0.63,-0.06,0.03,2.35,8.36,-3.27,0.96,-0.95,-0.57,-31.75,-7.88,-8.81,352.69,8.13,-106.06,0.6,0.8,-0.07,0.04
14451.0,2.07,9.32,1.83,0.84,-0.21,-0.09,3.13,4.88,-2.13,355.94,7.19,-78.56,0.77,0.63,-0.06,0.03,2.03,8.89,-3.2,0.68,-0.48,-0.68,-24.75,2.75,-8.63,353.25,7.88,-105.0,0.61,0.79,-0.07,0.04
14501.0,1.06,9.47,1.86,-0.15,-0.06,-0.03,2.13,5.06,-5.13,355.75,7.13,-78.69,0.77,0.63,-0.06,0.03,1.12,9.33,-2.48,-0.16,-0.09,-0.11,-18.38,-8.06,-4.31,353.81,7.56,-104.06,0.62,0.79,-0.07,0.03
14554.0,1.25,9.51,1.72,0.08,-0.03,-0.15,2.81,-1.13,-6.0,356.06,6.88,-78.81,0.77,0.63,-0.06,0.03,1.51,9.3,-2.17,0.26,-0.15,0.06,-12.19,-10.75,-2.0,354.81,7.31,-103.31,0.62,0.78,-0.07,0.03
14605.0,1.0,9.51,1.81,-0.12,-0.04,-0.05,2.19,1.69,-5.5,356.38,6.56,-78.94,0.77,0.63,-0.05,0.02,1.17,9.39,-1.83,-0.03,-0.08,0.32,-7.0,-1.63,-4.94,355.25,7.06,-102.88,0.62,0.78,-0.07,0.03
14656.0,1.19,9.5,1.78,0.11,-0.06,-0.06,2.63,-0.31,-4.75,356.56,6.31,-79.06,0.77,0.64,-0.05,0.02,1.15,9.27,-1.85,-0.01,-0.22,0.24,-6.0,4.88,-6.56,355.38,6.81,-102.44,0.63,0.78,-0.06,0.02
14706.0,0.42,9.68,1.8,-0.38,0.02,-0.01,3.19,-2.81,-2.63,356.69,6.13,-79.25,0.77,0.64,-0.05,0.02,1.18,9.6,-1.71,0.04,0.08,0.35,-7.13,-0.31,-1.94,355.56,6.63,-102.19,0.63,0.78,-0.06,0.02
14757.0,0.45,9.61,1.65,-0.04,0.03,-0.11,3.69,-3.81,0.06,356.94,6.0,-79.44,0.77,0.64,-0.05,0.02,1.13,9.5,-1.84,0.01,-0.02,0.18,-5.81,-2.44,-1.5,355.94,6.5,-101.94,0.63,0.77,-0.06,0.02
14809.0,0.91,9.54,1.65,-0.15,-0.02,-0.13,3.0,-1.06,1.75,357.0,6.06,-79.63,0.77,0.64,-0.05,0.02,1.08,9.37,-2.03,-0.04,-0.14,-0.06,-1.56,1.38,-1.94,356.0,6.38,-101.81,0.63,0.77,-0.06,0.02
14860.0,1.08,9.55,1.56,0.02,-0.03,-0.16,2.25,-1.06,1.94,356.94,6.19,-79.75,0.77,0.64,-0.05,0.02,0.85,9.37,-2.04,-0.22,-0.16,-0.05,0.56,-2.13,-2.31,356.13,6.25,-101.75,0.63,0.77,-0.06,0.02
14911.0,1.46,9.51,1.65,0.37,-0.08,-0.04,1.75,-3.88,1.44,357.0,6.31,-79.88,0.77,0.64,-0.06,0.02,1.29,9.28,-2.12,0.22,-0.25,-0.11,2.94,-1.0,-0.81,356.31,6.25,-101.88,0.63,0.77,-0.06,0.02
14961.0,1.23,9.58,1.43,0.14,0.0,-0.25,0.69,1.25,1.0,356.88,6.38,-79.94,0.77,0.64,-0.06,0.02,1.09,9.33,-2.2,0.03,-0.19,-0.14,8.0,0.19,-0.81,356.31,6.19,-102.19,0.63,0.78,-0.06,0.02
15013.0,1.33,9.53,1.66,0.22,-0.06,-0.02,-0.06,3.5,0.31,356.75,6.44,-80.0,0.77,0.64,-0.06,0.02,1.19,9.31,-2.13,0.14,-0.19,0.02,14.56,-0.88,0.44,356.31,6.13,-102.75,0.62,0.78,-0.06,0.02
15064.0,0.77,9.59,1.55,-0.32,0.0,-0.14,-1.0,1.31,0.75,356.69,6.44,-79.94,0.77,0.64,-0.05,0.02,0.56,9.31,-1.97,-0.51,-0.16,0.32,17.81,-5.38,3.5,356.19,6.25,-103.63,0.62,0.78,-0.06,0.02
15114.0,0.94,9.62,1.67,-0.15,0.03,-0.02,-1.25,-2.13,1.63,356.69,6.44,-79.88,0.77,0.64,-0.06,0.02,1.13,9.3,-2.27,0.03,-0.12,0.19,23.81,1.75,5.13,355.94,6.44,-104.63,0.61,0.79,-0.06,0.02
15165.0,1.61,9.51,1.51,0.49,-0.07,-0.19,-1.25,-2.69,2.13,356.63,6.56,-79.88,0.77,0.64,-0.06,0.02,1.49,8.73,-2.9,0.34,-0.63,-0.24,25.0,0.5,5.25,355.5,6.69,-105.81,0.6,0.79,-0.07,0.02
15215.0,2.03,9.46,1.59,0.9,-0.12,-0.12,-0.19,5.81,-1.31,356.56,6.56,-79.81,0.77,0.64,-0.06,0.02,1.88,8.48,-3.43,0.68,-0.79,-0.5,41.31,13.0,4.25,354.44,7.0,-107.5,0.59,0.8,-0.07,0.03
15266.0,2.53,9.19,1.96,1.48,-0.4,0.24,1.88,14.5,-10.13,356.44,6.0,-79.81,0.77,0.64,-0.05,0.02,2.16,7.98,-4.35,0.87,-1.15,-1.02,62.06,24.38,6.63,352.31,7.56,-110.0,0.57,0.82,-0.06,0.04
15319.0,2.83,9.11,1.84,0.33,-0.81,0.4,1.13,8.5,-24.94,357.06,4.88,-79.81,0.77,0.64,-0.04,0.02,1.02,7.65,-3.64,-0.44,-1.26,0.16,70.31,37.75,16.75,348.0,8.88,-113.75,0.55,0.83,-0.05,0.06
15370.0,3.77,9.53,0.72,3.14,-0.1,-0.96,2.25,-11.19,-29.0,357.69,3.69,-80.0,0.77,0.64,-0.03,0.02,3.51,6.88,-5.04,0.79,-1.64,-0.36,70.0,31.56,11.19,344.88,10.0,-117.13,0.52,0.85,-0.05,0.07
15426.0,-3.04,10.66,1.84,-1.12,0.67,-0.15,9.19,29.56,-24.31,358.69,2.0,-80.31,0.76,0.64,-0.02,0.01,3.48,8.0,-5.84,1.4,-0.85,-0.55,78.56,16.56,28.19,340.25,11.75,-121.5,0.49,0.87,-0.06,0.08
15482.0,-1.28,10.54,0.75,-1.39,0.87,-0.85,7.56,21.31,-24.06,0.75,0.56,-80.5,0.76,0.65,-0.01,-0.01,1.71,8.34,-5.56,-0.57,0.53,-0.1,67.81,14.56,27.0,335.69,13.5,-124.94,0.46,0.88,-0.07,0.1
15541.0,2.1,8.98,1.67,2.27,-0.69,0.09,-0.75,-17.88,-34.56,2.75,-1.0,-80.69,0.76,0.65,0.0,-0.02,1.3,7.17,-5.63,-1.36,-0.14,0.31,70.5,24.88,43.38,328.63,15.81,-129.13,0.43,0.89,-0.07,0.12
15598.0,-2.21,10.09,0.82,-0.65,0.24,-0.34,2.06,6.06,-24.69,3.31,-2.63,-80.69,0.76,0.65,0.01,-0.02,4.05,7.23,-6.46,1.72,-0.09,0.35,59.81,19.38,24.5,322.31,17.81,-133.06,0.4,0.91,-0.08,0.13
15653.0,-0.97,9.98,1.29,-0.3,0.32,-0.29,-2.06,29.81,-21.56,4.69,-3.88,-80.63,0.76,0.65,0.02,-0.03,3.21,6.08,-6.58,-0.05,-0.3,0.09,55.56,11.19,35.88,316.56,19.5,-136.25,0.37,0.91,-0.09,0.15
15706.0,-0.49,9.31,2.33,0.38,-0.32,0.74,0.69,-10.75,-27.81,5.88,-5.13,-80.63,0.76,0.65,0.03,-0.04,3.64,6.1,-7.03,0.12,0.13,-0.1,51.81,1.19,46.06,192.06,21.0,-139.25,0.35,0.92,-0.1,0.16
15757.0,-1.9,9.92,1.59,-0.82,0.3,0.02,4.13,-6.25,-21.94,7.38,-6.44,-80.75,0.76,0.65,0.03,-0.05,4.81,6.1,-6.75,1.11,0.54,0.42,48.25,1.44,36.31,193.56,22.13,-142.25,0.33,0.92,-0.11,0.17
15807.0,-1.81,9.6,1.62,-0.57,0.0,0.07,3.75,4.75,-16.5,8.69,-7.38,-80.88,0.76,0.65,0.04,-0.06,3.6,5.79,-7.97,-0.34,0.67,-0.6,49.75,10.25,35.5,194.94,23.69,-145.19,0.3,0.93,-0.12,0.18
15858.0,-0.2,9.09,1.82,0.57,-0.76,0.43,1.44,-25.38,-19.31,10.19,-8.06,-80.94,0.76,0.65,0.04,-0.07,3.62,4.67,-6.91,-0.49,-0.06,0.62,42.94,5.06,32.69,195.88,24.81,-147.81,0.29,0.93,-0.13,0.19
15910.0,-1.95,9.61,2.16,-0.48,0.03,0.66,4.06,-25.44,-14.38,11.0,-8.56,-81.06,0.76,0.65,0.04,-0.07,5.84,5.0,-7.42,1.55,0.64,0.23,44.75,7.75,28.38,196.56,25.94,-150.31,0.26,0.93,-0.14,0.2
15962.0,-2.14,9.67,0.47,-0.59,0.09,-0.99,6.19,12.56,-8.13,11.75,-9.06,-81.25,0.75,0.65,0.04,-0.08,3.36,4.4,-8.31,-1.07,0.41,-0.53,39.06,13.06,20.63,197.25,27.13,-153.19,0.25,0.94,-0.14,0.21
16014.0,-0.87,9.83,1.32,0.74,0.27,-0.14,-5.13,-14.13,-8.38,12.31,-9.44,-81.25,0.75,0.65,0.04,-0.08,5.02,3.73,-8.36,-0.32,-0.03,-0.19,48.31,3.56,17.75,197.44,27.88,-155.69,0.23,0.94,-0.14,0.21
16065.0,-2.55,10.12,1.05,-0.88,0.57,-0.42,-1.19,5.56,-5.56,12.56,-9.75,-81.13,0.75,0.65,0.04,-0.08,4.72,4.87,-8.38,0.0,1.62,-0.43,35.63,18.69,9.44,197.38,28.75,-157.75,0.21,0.94,-0.14,0.22
16117.0,-1.35,9.39,1.3,0.2,-0.6,-0.52,-2.25,-3.31,-2.63,12.94,-9.94,-80.94,0.75,0.65,0.04,-0.09,4.17,3.75,-8.1,-0.63,0.81,-0.07,39.0,4.25,13.63,197.44,29.31,-159.88,0.19,0.94,-0.14,0.23
16171.0,-2.2,9.62,1.96,-0.5,0.08,0.43,-4.81,-10.38,-0.13,12.63,-9.94,-80.88,0.76,0.65,0.04,-0.08,5.4,4.02,-8.14,0.46,1.36,-0.1,37.25,3.63,12.38,197.31,30.19,-161.69,0.18,0.94,-0.14,0.24
16223.0,-2.32,9.22,1.44,-0.64,-0.31,-0.1,-0.88,1.13,2.31,12.75,-9.88,-80.75,0.76,0.65,0.04,-0.08,4.52,3.78,-9.09,-0.54,1.44,-1.03,28.0,16.63,11.25,197.38,31.13,-163.81,0.16,0.94,-0.14,0.25
16280.0,-1.8,9.58,1.65,-0.16,0.04,0.08,-2.5,-10.25,3.88,12.56,-9.63,-80.63,0.76,0.65,0.04,-0.08,5.05,3.1,-8.16,-0.03,0.93,-0.16,30.13,6.31,15.44,197.56,31.94,-165.88,0.15,0.94,-0.15,0.26
16337.0,-1.94,9.72,1.22,-0.41,0.22,-0.49,-1.44,1.56,6.81,12.31,-9.25,-80.5,0.76,0.65,0.04,-0.08,5.09,3.4,-8.65,-0.22,1.62,-0.6,26.81,15.19,12.81,197.75,32.81,-167.5,0.14,0.94,-0.15,0.27
16393.0,-0.9,9.11,2.22,0.61,-0.43,0.6,-3.5,-5.0,7.25,12.19,-8.94,-80.31,0.76,0.65,0.03,-0.08,5.56,2.28,-7.97,0.14,0.8,0.05,23.5,16.81,12.5,198.0,33.56,-169.56,0.12,0.94,-0.15,0.27
16450.0,-1.53,9.53,1.61,-0.07,-0.02,0.0,0.5,-2.63,5.31,11.75,-8.5,-80.38,0.76,0.65,0.03,-0.08,5.6,2.57,-7.85,0.1,1.3,0.16,20.19,5.69,14.06,198.31,34.13,-170.94,0.11,0.94,-0.15,0.28
16503.0,-1.42,9.89,1.08,-0.01,0.32,-0.52,1.81,7.25,5.81,11.38,-8.25,-80.44,0.76,0.65,0.03,-0.08,5.94,2.35,-8.77,0.53,1.35,-0.4,16.25,0.81,7.69,198.56,34.63,-172.31,0.11,0.94,-0.15,0.29
16556.0,-0.87,9.29,1.43,0.51,-0.27,-0.16,-0.63,3.69,3.56,11.13,-8.06,-80.5,0.76,0.65,0.03,-0.07,5.99,2.53,-9.08,0.38,1.55,-1.1,8.0,1.69,1.69,198.5,34.88,-172.94,0.1,0.94,-0.15,0.29
16608.0,-1.56,9.48,1.87,-0.18,-0.08,0.28,-0.75,-0.13,1.31,10.69,-8.0,-80.5,0.76,0.65,0.03,-0.07,5.48,2.34,-8.76,-0.12,1.38,-0.77,1.13,6.13,-6.13,198.31,34.81,-173.13,0.1,0.94,-0.15,0.29
16659.0,-1.85,9.56,1.52,-0.35,0.01,0.08,0.25,3.69,0.25,10.44,-8.0,-80.5,0.76,0.65,0.03,-0.07,5.9,2.42,-8.28,0.34,1.39,-0.27,-6.88,-5.5,-9.25,198.0,34.56,-172.69,0.1,0.94,-0.15,0.29
16710.0,-1.27,9.65,1.38,-0.26,0.14,-0.16,0.56,6.88,0.31,10.31,-8.0,-80.56,0.76,0.65,0.03,-0.07,5.72,2.43,-8.78,0.2,1.27,-0.76,-16.81,-9.81,-11.19,197.69,34.25,-171.69,0.11,0.94,-0.15,0.28
16761.0,-1.32,9.59,1.02,0.05,0.01,-0.56,-0.94,2.5,-1.25,10.38,-8.06,-80.56,0.76,0.65,0.03,-0.07,5.38,2.33,-8.86,-0.04,0.9,-0.83,-28.19,-8.31,-14.38,197.38,33.63,-169.88,0.12,0.94,-0.14,0.28
16813.0,-1.4,9.32,1.78,0.0,-0.25,0.18,-2.25,-3.13,-3.75,10.44,-8.19,-80.5,0.76,0.65,0.03,-0.07,5.41,2.42,-8.3,0.09,0.71,-0.24,-36.13,-14.63,-15.06,197.19,32.81,-167.94,0.13,0.94,-0.14,0.27
16865.0,-1.52,9.55,2.47,-0.1,-0.01,0.86,-1.69,-4.69,-3.13,10.63,-8.31,-80.38,0.76,0.65,0.04,-0.07,5.81,3.05,-8.0,0.6,0.99,0.04,-42.13,-16.5,-13.5,197.13,31.88,-165.19,0.15,0.94,-0.14,0.26
16918.0,-1.48,9.42,1.7,0.02,0.02,0.33,0.31,-5.31,-2.69,11.13,-8.44,-80.31,0.76,0.64,0.03,-0.07,5.12,3.05,-8.3,-0.11,0.77,-0.16,-49.63,-13.44,-13.19,197.19,31.06,-162.63,0.17,0.94,-0.14,0.25
16971.0,-1.92,9.81,1.33,-0.48,0.25,-0.29,-0.94,-3.31,-1.13,11.38,-8.44,-80.31,0.76,0.64,0.03,-0.08,4.89,3.7,-8.5,0.0,0.79,-0.52,-50.75,-21.5,-14.38,197.38,30.0,-159.94,0.19,0.94,-0.14,0.24
17026.0,-2.11,9.5,1.6,-0.68,-0.1,-0.14,1.88,-7.19,2.25,11.63,-8.38,-80.38,0.76,0.65,0.03,-0.08,4.52,4.15,-8.01,-0.09,0.71,-0.25,-53.06,-14.25,-18.81,197.44,28.63,-156.63,0.22,0.94,-0.14,0.22
17082.0,-1.52,9.73,1.09,-0.13,0.16,-0.51,2.38,-1.56,6.44,11.69,-8.06,-80.44,0.76,0.65,0.03,-0.08,4.28,4.07,-7.81,-0.25,0.25,0.0,-49.19,-18.75,-17.0,197.38,27.31,-153.38,0.24,0.94,-0.14,0.21
17139.0,-1.21,9.64,1.2,0.35,0.07,-0.56,2.94,-9.88,9.44,11.44,-7.5,-80.56,0.76,0.65,0.02,-0.08,3.8,4.07,-7.82,-0.53,-0.21,-0.14,-48.13,-20.31,-18.13,197.25,26.19,-150.81,0.26,0.93,-0.14,0.2
17198.0,-1.54,9.8,1.43,-0.13,0.12,-0.03,-2.75,-1.06,13.44,10.69,-6.75,-80.44,0.76,0.65,0.02,-0.07,4.17,4.87,-7.2,0.06,0.12,0.33,-47.56,-11.25,-27.88,196.75,24.69,-147.81,0.29,0.93,-0.14,0.18
17253.0,-1.13,9.66,1.71,-0.1,0.04,0.08,-0.31,7.5,17.38,9.88,-6.0,-80.31,0.76,0.65,0.01,-0.07,3.8,5.26,-7.6,-0.07,0.14,-0.2,-44.0,-10.63,-31.19,196.06,23.25,-145.31,0.31,0.93,-0.13,0.17
17308.0,-0.65,9.54,1.15,0.23,-0.07,-0.5,-7.5,6.63,18.63,8.44,-5.0,-80.13,0.76,0.64,0.01,-0.06,3.36,5.48,-7.22,-0.33,0.12,-0.03,-42.56,-11.25,-35.25,194.81,21.56,-142.13,0.33,0.92,-0.12,0.16
17362.0,-0.44,9.61,0.98,0.25,-0.01,-0.72,-4.69,2.0,20.56,7.31,-4.06,-79.94,0.76,0.64,0.01,-0.05,3.35,5.89,-6.74,-0.03,-0.08,0.24,-47.25,-14.56,-32.88,193.81,20.25,-139.38,0.35,0.92,-0.11,0.15
17414.0,-1.35,9.53,2.15,-0.84,-0.09,0.4,-5.44,7.25,25.25,5.88,-3.0,-79.69,0.77,0.64,0.0,-0.04,3.34,6.23,-6.78,0.19,-0.1,0.0,-48.06,-1.0,-38.06,319.94,18.69,-136.88,0.37,0.91,-0.1,0.13
17466.0,0.12,9.02,2.2,0.44,-0.61,0.42,-3.5,-7.56,22.38,4.88,-1.81,-79.5,0.77,0.64,-0.01,-0.03,3.05,6.62,-6.17,0.1,-0.09,0.34,-50.25,-11.94,-29.0,324.31,17.44,-134.13,0.39,0.91,-0.09,0.13
17518.0,0.1,9.47,1.67,0.49,-0.25,0.0,-2.81,3.94,25.94,3.25,-0.44,-79.38,0.77,0.64,-0.01,-0.02,3.22,6.29,-6.34,0.51,-0.76,-0.1,-52.63,-4.88,-33.44,329.56,15.75,-130.88,0.42,0.9,-0.08,0.11
17570.0,-0.33,9.72,1.77,-0.45,0.08,-0.04,-2.25,10.13,24.19,2.06,0.63,-79.31,0.77,0.64,-0.02,-0.01,2.49,7.01,-5.79,0.04,-0.45,0.05,-51.69,-7.88,-32.38,333.19,14.44,-128.0,0.44,0.89,-0.07,0.1
17624.0,1.79,9.11,1.63,1.5,-0.51,-0.19,-2.0,-2.13,18.88,1.0,1.63,-79.19,0.77,0.64,-0.03,-0.01,2.56,7.13,-5.82,0.32,-0.63,-0.28,-49.94,1.13,-27.5,336.25,13.19,-125.5,0.46,0.88,-0.07,0.1
17680.0,-0.06,9.25,2.29,0.22,0.13,0.2,-2.31,-4.0,18.75,359.63,2.69,-79.19,0.77,0.64,-0.03,0.0,2.33,7.65,-5.22,0.35,-0.69,0.1,-44.63,2.69,-24.13,339.44,11.81,-122.69,0.48,0.87,-0.06,0.09
17732.0,0.25,9.15,1.99,-0.33,-0.46,0.16,0.5,5.0,15.06,358.75,3.44,-79.13,0.77,0.64,-0.03,0.01,0.95,8.19,-4.85,-0.92,-0.12,0.0,-46.38,-9.06,-17.38,341.19,11.06,-120.19,0.5,0.86,-0.05,0.08
17790.0,1.65,9.28,1.77,0.9,-0.32,-0.05,-0.69,-4.5,13.0,357.81,4.31,-79.13,0.77,0.64,-0.04,0.01,2.36,7.83,-4.99,0.64,-0.71,-0.51,-42.63,-7.25,-14.75,343.69,10.0,-117.56,0.52,0.85,-0.05,0.07
17847.0,0.83,9.57,1.42,0.72,-0.26,-0.53,1.69,0.19,11.69,357.0,5.06,-79.19,0.77,0.64,-0.04,0.02,1.89,8.11,-4.4,0.08,-0.49,0.0,-42.0,-6.25,-10.75,345.81,9.25,-115.13,0.53,0.84,-0.05,0.07
17902.0,0.2,9.55,2.24,-0.75,-0.03,0.41,-0.06,-8.5,10.31,356.69,5.56,-79.13,0.77,0.64,-0.05,0.02,3.31,8.03,-4.2,1.82,-0.84,-0.33,-32.44,-15.44,-7.13,347.31,8.75,-113.5,0.55,0.83,-0.05,0.06
17956.0,-0.21,9.78,1.49,-1.25,0.2,-0.33,1.69,-6.13,9.5,356.69,6.06,-79.19,0.77,0.64,-0.05,0.02,1.34,9.0,-3.61,-0.07,0.01,0.01,-32.88,-12.94,-3.56,349.0,8.31,-111.94,0.56,0.82,-0.05,0.05
18011.0,1.39,9.69,1.4,0.19,0.07,-0.42,2.44,-5.19,11.5,356.69,6.81,-79.38,0.77,0.64,-0.06,0.02,1.75,8.8,-3.67,0.65,-0.59,-0.58,-42.38,-1.88,-11.13,350.69,7.69,-109.56,0.58,0.81,-0.05,0.05
18064.0,2.59,9.36,1.82,1.33,-0.2,0.06,2.13,-3.19,7.88,356.5,7.31,-79.5,0.77,0.64,-0.06,0.02,1.71,8.7,-3.31,0.48,-0.55,-0.32,-28.94,9.38,-10.94,351.38,7.19,-107.81,0.59,0.81,-0.05,0.04
18115.0,1.9,9.53,1.49,0.59,-0.03,-0.24,3.69,0.5,4.25,356.13,7.56,-79.69,0.77,0.64,-0.07,0.03,1.1,8.76,-3.57,-0.07,-0.57,-0.8,-26.88,-3.38,-7.25,351.81,6.88,-106.5,0.6,0.8,-0.04,0.04
18166.0,1.95,9.37,1.46,0.64,-0.18,-0.25,1.56,-1.13,-0.63,356.13,7.63,-79.75,0.77,0.64,-0.07,0.03,1.91,8.78,-3.07,0.78,-0.59,-0.44,-15.19,-3.25,-4.75,352.5,6.56,-105.56,0.6,0.79,-0.04,0.04
18217.0,1.81,9.54,1.27,0.53,-0.02,-0.44,-0.19,7.44,-4.88,356.19,7.38,-79.81,0.77,0.64,-0.06,0.03,0.98,9.0,-2.91,-0.1,-0.4,-0.37,-8.06,1.94,-3.94,352.75,6.38,-105.06,0.61,0.79,-0.04,0.04
18269.0,1.6,9.47,1.69,0.28,-0.04,-0.02,-1.38,4.44,-7.19,356.31,7.0,-79.75,0.77,0.64,-0.06,0.02,1.26,9.17,-2.74,0.2,-0.25,-0.25,-4.06,-4.06,-1.88,353.0,6.19,-104.81,0.61,0.79,-0.04,0.04
18321.0,1.21,9.53,1.57,0.08,-0.05,-0.16,-0.75,4.81,-8.19,356.44,6.56,-79.69,0.77,0.64,-0.06,0.02,0.91,9.18,-2.36,0.09,-0.2,0.02,0.56,-3.25,-2.0,353.38,6.06,-104.75,0.61,0.79,-0.04,0.04
18373.0,0.4,9.67,1.69,-0.66,0.08,-0.05,-1.13,5.31,-6.44,356.63,6.19,-79.63,0.77,0.64,-0.05,0.02,0.93,9.46,-2.09,-0.1,0.04,0.4,0.19,1.5,-0.88,353.31,6.06,-104.81,0.61,0.79,-0.04,0.04
18426.0,0.79,9.57,1.61,-0.21,-0.01,-0.15,-1.38,2.13,-4.31,356.81,5.88,-79.56,0.77,0.64,-0.05,0.02,1.04,9.35,-2.21,0.0,-0.06,0.27,-1.38,-2.88,0.38,353.44,6.0,-104.75,0.61,0.79,-0.04,0.03
18480.0,1.09,9.56,1.76,0.05,-0.02,-0.08,-0.94,0.81,-3.5,357.0,5.69,-79.56,0.77,0.64,-0.05,0.02,1.11,9.21,-2.32,0.08,-0.21,0.17,3.0,-1.69,0.75,353.56,6.0,-104.81,0.61,0.79,-0.04,0.03
18532.0,0.99,9.5,1.68,0.04,-0.09,-0.07,-0.5,1.38,-3.0,357.06,5.5,-79.56,0.77,0.64,-0.05,0.02,1.18,9.09,-2.54,0.14,-0.32,0.0,7.25,1.88,0.44,353.44,6.06,-105.19,0.61,0.79,-0.04,0.03
18582.0,0.56,9.59,1.66,-0.35,0.0,-0.1,-0.25,2.44,-2.75,357.06,5.38,-79.5,0.77,0.64,-0.04,0.02,0.85,9.24,-2.44,-0.08,-0.11,0.26,12.31,-1.75,4.94,353.19,6.25,-105.75,0.6,0.8,-0.04,0.04
18637.0,0.75,9.61,1.73,0.15,0.06,-0.1,0.25,-1.31,-0.88,357.25,5.25,-79.5,0.77,0.64,-0.04,0.02,1.56,9.22,-2.71,0.46,-0.12,0.01,9.63,-2.69,4.19,353.0,6.5,-106.38,0.6,0.8,-0.05,0.04
18693.0,0.03,9.73,1.66,-0.85,0.12,-0.1,0.06,5.25,-0.69,357.25,5.19,-79.5,0.77,0.64,-0.04,0.02,0.83,9.39,-2.48,-0.31,0.08,0.38,15.13,3.31,3.88,352.56,6.69,-107.06,0.59,0.8,-0.05,0.04
18748.0,1.18,9.56,1.65,0.21,-0.07,-0.02,1.44,-4.81,-0.88,357.31,5.19,-79.56,0.77,0.64,-0.04,0.02,1.25,9.03,-3.24,0.07,-0.23,-0.28,10.0,2.13,4.31,352.06,6.88,-107.63,0.59,0.81,-0.05,0.04
18803.0,1.29,9.48,1.56,0.4,-0.11,-0.18,2.31,-5.13,-1.88,357.44,5.19,-79.69,0.77,0.64,-0.05,0.02,1.25,8.73,-3.19,0.0,-0.46,-0.15,19.69,-0.25,5.81,351.75,7.19,-108.56,0.58,0.81,-0.05,0.04
18855.0,1.42,9.55,1.64,0.53,-0.05,-0.08,0.81,-3.25,-3.25,357.69,5.13,-79.75,0.77,0.64,-0.05,0.02,1.81,8.51,-3.76,0.54,-0.63,-0.48,24.5,1.88,5.0,351.19,7.44,-109.69,0.58,0.82,-0.05,0.04
18909.0,2.87,9.39,1.61,2.05,-0.22,-0.1,1.69,5.19,-10.63,358.19,4.63,-79.88,0.77,0.64,-0.04,0.01,2.35,8.21,-4.46,1.0,-0.83,-0.93,44.44,10.94,10.06,350.0,7.88,-111.25,0.56,0.82,-0.05,0.05
18963.0,3.36,9.19,1.19,2.73,-0.43,-0.53,0.0,9.25,-25.94,358.81,3.63,-79.75,0.77,0.64,-0.03,0.01,2.46,6.53,-5.07,1.03,-1.98,-0.84,65.69,15.25,14.94,347.31,8.81,-114.63,0.54,0.84,-0.05,0.06
19016.0,1.17,9.26,2.06,0.85,-0.38,0.33,1.75,14.44,-39.44,0.13,1.81,-79.81,0.77,0.64,-0.02,0.0,3.13,6.83,-4.76,1.37,-1.66,-0.19,85.81,32.38,22.94,343.06,10.31,-118.25,0.51,0.85,-0.05,0.08
19068.0,-0.94,9.21,2.14,-1.13,0.24,-0.27,1.5,22.81,-41.69,1.81,-0.69,-79.94,0.77,0.64,0.0,-0.01,1.92,7.98,-4.78,-0.16,-0.13,0.31,79.25,22.75,31.75,337.81,12.25,-122.13,0.48,0.87,-0.05,0.09
19122.0,-0.04,8.92,1.82,0.43,-0.71,0.11,-1.81,-17.13,-47.75,4.06,-2.81,-79.88,0.77,0.64,0.01,-0.03,1.86,7.53,-5.26,-0.53,-0.16,0.31,73.81,22.13,36.38,332.5,14.13,-125.94,0.45,0.88,-0.06,0.11
19175.0,-3.06,10.34,1.27,-2.25,0.72,-0.44,0.25,10.31,-32.56,5.69,-4.69,-79.88,0.77,0.64,0.02,-0.04,3.78,7.51,-6.26,1.01,0.39,-0.1,77.56,13.5,42.38,326.25,16.38,-130.88,0.41,0.9,-0.07,0.13
19230.0,-2.3,9.7,1.68,-1.7,0.17,0.01,-0.44,6.81,-27.81,7.81,-6.56,-79.69,0.77,0.64,0.03,-0.05,2.83,7.6,-5.95,-0.28,1.0,0.59,70.88,10.31,50.31,319.81,18.5,-134.81,0.38,0.91,-0.08,0.14
19282.0,-1.83,9.0,2.2,-0.5,-0.55,0.45,-1.5,-8.44,-25.38,9.75,-7.75,-79.56,0.76,0.64,0.03,-0.07,2.15,7.03,-7.23,-1.35,1.01,-0.33,69.63,-1.13,66.5,192.81,21.25,-139.69,0.35,0.92,-0.1,0.16
19338.0,-0.71,8.68,2.94,0.89,-0.61,1.26,1.44,-46.06,-24.44,11.63,-8.75,-79.56,0.76,0.64,0.03,-0.08,4.58,5.51,-7.03,0.76,0.11,0.2,57.81,-2.56,56.69,194.63,22.88,-143.25,0.32,0.92,-0.12,0.17
19393.0,-2.02,9.86,0.69,-0.39,0.34,-1.0,6.63,-3.56,-14.63,12.63,-9.5,-79.88,0.76,0.64,0.04,-0.08,3.7,5.39,-7.47,-0.35,-0.03,-0.55,50.81,17.38,31.38,196.44,24.81,-147.06,0.29,0.93,-0.13,0.18
19451.0,-1.28,9.64,1.26,0.45,-0.11,-0.57,1.0,-15.94,-14.31,13.94,-10.19,-80.0,0.76,0.64,0.04,-0.09,3.7,3.91,-7.29,-0.62,-0.52,0.3,46.13,5.06,32.25,197.25,26.19,-149.75,0.27,0.93,-0.14,0.2
19507.0,-2.37,10.09,0.85,-0.52,0.61,-0.8,4.75,8.31,-13.38,14.63,-10.81,-80.06,0.76,0.64,0.04,-0.1,4.35,4.54,-8.25,-0.29,0.7,-0.25,40.88,12.0,17.13,197.69,27.19,-152.75,0.25,0.93,-0.15,0.21
19561.0,-2.34,9.54,1.97,-1.3,0.39,0.28,-1.13,-6.0,-8.69,15.63,-11.5,-79.94,0.76,0.64,0.04,-0.1,5.06,5.38,-8.19,0.43,1.71,-0.36,40.19,12.0,11.5,197.69,28.13,-154.88,0.23,0.94,-0.15,0.22
19616.0,-2.22,9.48,1.7,-0.22,0.03,0.03,0.0,3.94,-1.75,15.63,-11.75,-79.94,0.76,0.64,0.05,-0.1,4.85,4.6,-7.99,0.38,0.91,0.12,44.5,15.88,8.75,197.5,28.94,-157.5,0.21,0.94,-0.14,0.22
19668.0,-2.17,9.48,1.18,-0.18,0.03,-0.5,-2.19,9.06,2.13,15.31,-11.69,-79.81,0.76,0.64,0.05,-0.1,4.75,4.24,-8.57,-0.1,1.26,-0.6,39.69,7.31,3.94,197.0,29.75,-159.44,0.2,0.94,-0.14,0.23
19722.0,-1.83,9.3,1.97,0.12,-0.15,0.27,-3.31,3.19,5.0,14.94,-11.5,-79.81,0.76,0.64,0.05,-0.1,5.09,3.4,-7.82,0.15,0.71,0.2,38.44,19.94,2.81,196.63,30.25,-161.5,0.18,0.94,-0.14,0.24
19774.0,-1.88,9.2,2.15,0.04,-0.26,0.44,0.06,-3.5,2.63,14.69,-11.31,-79.75,0.76,0.64,0.05,-0.1,5.08,3.39,-7.66,0.02,0.98,0.38,33.88,4.19,13.88,196.44,31.0,-163.31,0.16,0.94,-0.14,0.25
19828.0,-1.93,9.36,1.74,-0.37,0.01,0.18,0.44,0.0,4.94,14.31,-11.06,-79.88,0.76,0.64,0.05,-0.1,4.73,3.38,-8.48,-0.15,1.25,-0.31,34.06,10.5,15.75,196.56,31.88,-165.19,0.15,0.94,-0.14,0.26
19883.0,-1.71,9.27,1.78,0.11,-0.21,0.1,4.38,-4.56,6.5,14.25,-10.75,-79.94,0.76,0.64,0.04,-0.1,5.17,3.26,-8.45,-0.07,1.45,-0.37,31.0,8.06,19.56,197.0,32.31,-167.31,0.14,0.94,-0.14,0.26
19935.0,-1.98,9.7,1.46,-0.21,0.2,-0.16,4.81,-7.38,8.13,13.88,-10.31,-80.25,0.76,0.64,0.04,-0.09,5.69,2.8,-8.3,0.36,1.27,-0.22,26.69,4.06,17.13,197.5,33.0,-169.56,0.12,0.94,-0.15,0.27
19990.0,-1.7,9.69,1.32,-0.14,0.2,-0.23,2.63,2.19,8.63,13.56,-9.81,-80.38,0.76,0.65,0.04,-0.09,5.42,2.47,-8.5,0.01,1.2,-0.42,19.75,7.5,10.88,197.75,33.5,-171.0,0.11,0.94,-0.15,0.28
20043.0,-1.74,10.01,0.94,-0.12,0.46,-0.62,2.13,3.81,6.38,13.06,-9.5,-80.63,0.76,0.65,0.03,-0.09,5.92,2.45,-8.88,0.46,1.33,-0.82,14.69,2.38,6.56,197.88,33.81,-172.06,0.1,0.94,-0.15,0.28
20100.0,-1.42,9.47,1.63,-0.02,0.29,-0.08,0.88,1.5,3.19,12.81,-9.25,-80.69,0.76,0.65,0.03,-0.09,5.86,2.56,-9.07,0.37,1.52,-1.01,2.81,-0.19,0.5,197.81,34.0,-172.56,0.1,0.94,-0.15,0.28
20153.0,-1.69,9.64,0.82,-0.12,0.09,-0.73,-0.06,1.56,0.94,12.63,-9.19,-80.75,0.76,0.65,0.03,-0.08,4.99,2.58,-9.05,-0.46,1.5,-0.97,-6.5,0.56,-7.19,197.69,33.81,-172.38,0.1,0.94,-0.15,0.28
20206.0,-1.91,9.36,1.72,-0.34,-0.19,0.15,-2.56,-1.44,-1.13,12.56,-9.19,-80.63,0.76,0.65,0.03,-0.08,5.69,2.54,-8.72,0.08,1.24,-0.93,-19.81,-11.69,-10.81,197.44,33.25,-171.13,0.11,0.94,-0.15,0.27
20262.0,-1.93,9.46,2.05,-0.34,-0.08,0.46,-2.5,-7.13,-3.0,12.56,-9.31,-80.5,0.76,0.65,0.04,-0.08,5.66,2.52,-8.33,0.38,0.98,-0.22,-36.5,-18.56,-14.38,197.19,32.56,-169.19,0.12,0.95,-0.14,0.27
20317.0,-1.89,9.64,2.11,-0.28,0.1,0.51,1.0,0.69,-2.0,12.81,-9.44,-80.44,0.76,0.65,0.04,-0.09,5.86,2.89,-8.49,0.72,0.96,-0.36,-50.56,-22.06,-14.38,197.25,31.31,-166.0,0.15,0.95,-0.14,0.25
20373.0,-1.96,9.79,1.28,-0.33,0.25,-0.3,2.13,-1.31,-0.56,13.06,-9.56,-80.5,0.76,0.65,0.04,-0.09,4.75,3.29,-8.8,-0.18,0.79,-0.7,-62.19,-19.94,-16.69,197.44,30.13,-162.81,0.17,0.94,-0.15,0.24
20427.0,-2.37,9.96,1.17,-0.76,0.42,-0.4,0.5,1.38,3.38,13.0,-9.38,-80.56,0.76,0.65,0.03,-0.09,4.67,4.37,-8.48,-0.05,1.35,-0.43,-66.06,-26.75,-19.69,197.63,28.75,-159.38,0.2,0.94,-0.15,0.22
20483.0,-2.51,9.83,1.51,-0.97,0.28,-0.07,-1.25,-1.44,10.69,12.69,-9.0,-80.5,0.76,0.65,0.03,-0.08,4.33,4.88,-7.79,-0.11,1.2,0.14,-70.13,-19.0,-25.5,197.56,26.94,-155.13,0.23,0.94,-0.15,0.21
20536.0,-2.16,9.96,1.3,-0.76,0.39,-0.28,1.0,-0.69,20.0,11.94,-8.0,-80.5,0.76,0.65,0.02,-0.08,4.4,4.98,-8.19,0.22,0.76,-0.39,-67.13,-31.94,-23.69,197.56,25.19,-151.56,0.26,0.94,-0.14,0.18
20592.0,-2.01,9.57,1.59,-0.86,-0.02,-0.02,-2.56,-10.19,30.56,10.88,-6.69,-80.38,0.76,0.65,0.02,-0.07,3.25,5.57,-7.59,-0.58,0.66,-0.01,-74.5,-18.0,-38.63,196.94,23.0,-147.0,0.29,0.93,-0.14,0.17
20651.0,0.11,9.03,1.67,0.83,-0.62,0.26,-2.63,-14.19,35.19,9.44,-4.69,-80.13,0.76,0.64,0.0,-0.06,3.62,4.81,-7.14,-0.16,-0.75,0.19,-76.44,-16.25,-37.88,195.75,20.69,-142.38,0.33,0.92,-0.13,0.15
20706.0,-1.04,9.7,1.19,-0.55,0.06,-0.54,-8.19,-1.06,37.94,7.63,-2.88,-79.75,0.77,0.64,-0.01,-0.05,3.34,5.83,-6.86,0.23,-0.34,0.09,-73.25,-23.81,-49.19,194.88,18.44,-138.38,0.36,0.92,-0.12,0.13
20761.0,1.39,9.1,1.8,0.4,-0.32,-0.19,-5.94,-19.31,34.19,6.38,-0.56,-79.38,0.77,0.64,-0.03,-0.04,2.55,6.05,-6.07,-0.61,-0.17,0.27,-82.88,-16.31,-30.44,329.75,16.31,-133.38,0.4,0.9,-0.11,0.11
20815.0,0.97,8.81,2.14,0.77,-0.81,0.3,0.69,-14.75,35.06,4.0,1.13,-79.13,0.77,0.64,-0.04,-0.03,3.16,5.93,-5.91,0.77,-1.41,0.11,-78.19,-2.44,-46.56,336.63,14.06,-129.38,0.43,0.89,-0.1,0.09
20870.0,2.72,9.2,2.03,2.21,-0.4,0.16,-4.81,1.31,30.63,2.56,3.19,-78.94,0.77,0.63,-0.05,-0.02,3.99,5.73,-5.89,1.22,-1.8,-0.47,-73.44,13.25,-31.56,339.63,12.94,-124.38,0.47,0.88,-0.08,0.08
20924.0,0.82,9.16,2.0,0.14,-0.42,0.09,1.19,18.19,19.5,0.69,3.94,-78.69,0.77,0.63,-0.05,0.0,1.25,7.7,-5.71,-0.74,-0.51,-0.75,-64.19,-4.31,-26.06,342.63,11.69,-121.06,0.49,0.86,-0.08,0.08
20979.0,1.54,9.39,1.94,0.36,-0.16,-0.06,-2.38,-5.88,14.69,359.69,4.94,-78.63,0.77,0.63,-0.05,0.0,2.44,8.09,-4.64,0.61,-0.41,-0.1,-65.81,-14.31,-10.13,345.56,10.69,-118.06,0.52,0.85,-0.07,0.06
21033.0,0.47,9.17,2.14,-0.47,-0.38,0.21,4.13,4.69,13.25,358.44,5.56,-78.56,0.77,0.63,-0.05,0.01,1.58,8.26,-3.99,-0.05,-0.54,-0.01,-63.75,-0.31,-18.44,349.06,9.63,-114.31,0.54,0.84,-0.07,0.05
21089.0,0.45,9.66,2.06,0.24,-0.24,-0.16,3.0,2.56,13.75,357.5,6.31,-78.63,0.77,0.63,-0.06,0.02,2.26,8.64,-3.57,0.73,-0.37,-0.03,-56.81,3.5,-13.81,350.38,9.0,-111.38,0.56,0.82,-0.07,0.05
21143.0,1.36,9.27,1.71,0.18,-0.27,-0.17,4.5,-8.44,10.69,356.94,6.94,-78.81,0.77,0.63,-0.06,0.02,1.92,8.66,-3.22,0.32,-0.86,-0.15,-54.63,-5.44,-11.06,352.06,8.31,-108.06,0.59,0.81,-0.07,0.04
21195.0,2.2,9.41,1.66,0.92,-0.13,-0.18,3.25,-8.75,7.69,356.94,7.5,-79.0,0.77,0.63,-0.07,0.02,2.09,8.69,-3.58,0.75,-0.63,-0.87,-32.88,-7.5,-4.63,353.38,7.81,-106.19,0.6,0.8,-0.07,0.03
21254.0,1.7,9.44,1.67,0.37,-0.1,-0.13,3.13,-4.75,2.19,357.06,7.81,-79.25,0.77,0.63,-0.07,0.02,1.72,8.85,-2.93,0.66,-0.63,-0.47,-24.31,2.63,-7.31,354.0,7.5,-104.56,0.61,0.79,-0.07,0.03
21306.0,2.58,9.35,1.72,1.23,-0.19,-0.06,2.5,-2.69,-0.63,357.25,7.88,-79.38,0.77,0.63,-0.07,0.02,2.05,8.8,-3.22,0.75,-0.61,-0.85,-12.56,1.88,-5.25,353.94,7.56,-104.13,0.61,0.79,-0.07,0.03
21359.0,1.31,9.54,1.58,0.0,-0.01,-0.2,0.69,10.56,-4.75,357.13,7.56,-79.38,0.77,0.64,-0.07,0.02,0.84,9.35,-2.23,-0.41,-0.08,0.07,-6.44,4.75,-5.38,353.88,7.38,-103.75,0.62,0.78,-0.06,0.03
21413.0,1.27,9.49,1.64,0.02,-0.06,-0.13,1.44,3.5,-4.56,357.19,7.31,-79.44,0.77,0.64,-0.07,0.02,1.52,9.21,-2.26,0.29,-0.28,0.0,-2.88,-3.0,-4.69,354.19,7.13,-103.38,0.62,0.78,-0.06,0.03
21466.0,1.65,9.51,1.58,0.44,-0.05,-0.18,1.75,6.13,-5.94,357.31,7.0,-79.44,0.77,0.64,-0.07,0.02,0.65,9.21,-2.25,-0.54,-0.24,0.04,8.0,1.69,-4.38,354.06,6.94,-103.63,0.62,0.78,-0.06,0.03
21518.0,1.94,9.48,1.42,0.8,-0.08,-0.34,-0.31,2.63,-7.38,357.38,6.63,-79.5,0.77,0.64,-0.06,0.02,1.45,9.05,-2.75,0.28,-0.38,-0.39,8.88,-4.06,-1.0,354.31,6.81,-104.0,0.62,0.79,-0.06,0.03
21571.0,0.82,9.61,1.6,-0.02,0.03,-0.28,-0.81,5.88,-7.25,357.5,6.19,-79.44,0.77,0.64,-0.06,0.02,1.11,9.22,-2.18,-0.04,-0.28,0.12,12.31,-1.38,0.88,354.38,6.81,-104.75,0.61,0.79,-0.06,0.03
21626.0,1.27,9.57,1.66,0.28,-0.01,-0.13,-2.5,4.63,-8.94,357.75,5.63,-79.31,0.77,0.64,-0.05,0.02,0.96,9.15,-2.38,-0.21,-0.21,0.27,26.25,1.81,3.63,354.06,6.88,-105.75,0.6,0.79,-0.06,0.03
21681.0,0.76,9.64,1.49,0.3,0.0,-0.29,-0.13,2.75,-9.44,357.81,5.19,-79.19,0.77,0.64,-0.05,0.01,1.38,8.66,-3.13,0.15,-0.62,-0.23,37.5,3.25,5.69,353.31,7.19,-107.31,0.59,0.8,-0.06,0.03
21733.0,0.84,9.58,1.61,0.05,-0.01,-0.2,3.31,17.06,-11.31,358.06,4.56,-79.25,0.77,0.64,-0.04,0.01,1.31,8.7,-3.28,-0.01,-0.45,-0.04,46.5,15.19,9.81,351.81,7.75,-109.44,0.57,0.82,-0.06,0.04
21786.0,0.96,9.53,1.89,0.3,-0.08,0.08,1.0,8.31,-14.44,358.25,3.81,-79.31,0.77,0.64,-0.03,0.01,1.42,7.93,-4.31,-0.03,-1.03,-0.64,47.69,21.31,6.13,349.0,8.56,-112.25,0.56,0.83,-0.05,0.05
21841.0,2.05,9.34,1.58,-0.44,-0.34,0.03,0.38,19.56,-17.81,358.5,2.75,-79.31,0.77,0.64,-0.02,0.01,1.41,8.65,-3.85,-0.16,-0.13,0.2,64.5,10.63,12.63,346.75,9.25,-114.75,0.54,0.84,-0.05,0.06
21894.0,2.99,9.07,0.77,2.67,-0.55,-1.03,-1.75,-19.19,-22.75,359.06,1.88,-79.31,0.77,0.64,-0.02,0.01,2.6,7.03,-4.44,0.85,-1.52,0.01,51.81,27.31,10.19,343.13,10.44,-117.94,0.51,0.85,-0.05,0.08
21949.0,0.4,9.62,1.56,-0.06,-0.39,0.3,-1.25,21.5,-19.25,359.94,0.69,-79.19,0.77,0.64,-0.01,0.0,3.15,7.75,-5.23,1.21,-0.51,-0.33,53.44,12.25,15.44,340.63,11.38,-120.63,0.49,0.86,-0.05,0.08
22006.0,-0.24,9.47,1.56,-0.16,-0.15,-0.29,-2.94,0.13,-26.0,0.63,-0.44,-79.06,0.77,0.64,0.0,0.0,1.97,7.41,-5.16,-0.45,-0.66,0.14,60.94,26.56,18.69,335.31,13.13,-123.81,0.47,0.88,-0.05,0.1
22060.0,-0.73,10.01,1.84,-0.45,0.39,-0.01,1.69,9.5,-23.69,1.94,-1.88,-79.0,0.77,0.64,0.01,-0.01,3.14,6.51,-6.17,0.69,-1.1,-0.5,54.19,17.31,21.5,331.0,14.44,-126.63,0.44,0.89,-0.05,0.11
22114.0,-2.38,10.16,1.55,-1.82,0.56,-0.32,-0.44,14.06,-23.56,3.44,-3.31,-78.88,0.77,0.64,0.02,-0.02,2.99,8.31,-5.73,0.32,1.05,0.29,64.56,-1.0,34.38,326.56,16.0,-130.31,0.42,0.9,-0.06,0.12
22168.0,1.57,8.47,2.52,2.35,-1.11,0.64,0.19,-17.94,-33.31,4.94,-4.56,-78.88,0.77,0.64,0.03,-0.04,2.68,6.01,-5.76,-0.31,-0.78,0.63,55.44,19.13,48.38,321.06,17.81,-133.19,0.39,0.91,-0.07,0.14
22222.0,-2.85,10.13,1.64,-1.43,0.29,0.32,4.06,-2.75,-23.75,6.25,-6.13,-79.0,0.77,0.64,0.03,-0.04,4.36,7.07,-6.84,1.08,0.74,-0.11,65.94,11.0,30.56,315.13,19.5,-136.69,0.36,0.92,-0.08,0.15
22279.0,-2.63,9.68,1.56,-1.73,0.59,-0.84,2.38,0.69,-19.44,8.13,-7.31,-79.13,0.77,0.64,0.04,-0.05,3.12,7.1,-6.42,-0.42,1.33,0.66,63.31,1.44,44.88,191.88,21.19,-140.81,0.34,0.92,-0.1,0.16
22333.0,-0.95,9.43,1.94,0.43,-0.09,0.12,2.75,-18.25,-19.69,9.88,-8.13,-79.13,0.77,0.64,0.04,-0.07,3.42,5.19,-7.46,-0.46,-0.02,-0.13,55.44,24.69,49.63,193.25,23.31,-144.5,0.31,0.93,-0.11,0.18
22386.0,-1.81,9.34,2.56,-0.3,-0.17,0.77,6.63,-19.0,-16.56,10.81,-8.88,-79.31,0.77,0.64,0.04,-0.08,4.87,5.16,-6.92,0.74,0.63,0.54,52.25,13.19,35.0,194.44,25.19,-148.13,0.28,0.93,-0.12,0.19
22443.0,-1.98,10.19,0.67,-0.22,-0.14,-0.22,4.88,-1.44,-9.94,11.63,-9.5,-79.44,0.76,0.64,0.04,-0.08,4.68,4.98,-7.85,0.33,0.75,-0.15,52.38,18.56,24.38,195.06,26.31,-151.19,0.26,0.94,-0.12,0.2
22495.0,-1.46,9.21,1.17,0.21,-0.28,-0.59,-1.06,-3.75,-7.75,12.63,-9.81,-79.44,0.76,0.64,0.04,-0.08,3.56,4.13,-8.49,-0.99,0.31,-0.7,47.69,15.0,19.88,195.38,27.88,-154.38,0.23,0.94,-0.13,0.22
22551.0,-1.53,9.58,2.57,0.68,-0.34,0.74,0.31,-21.69,-9.56,13.31,-10.19,-79.5,0.76,0.64,0.04,-0.09,5.02,3.99,-7.31,0.35,0.62,0.62,43.94,2.25,24.0,195.81,28.44,-157.0,0.21,0.94,-0.13,0.22
22605.0,-2.5,9.7,2.29,-0.73,0.21,0.56,4.31,-6.81,-3.19,13.5,-10.44,-79.63,0.76,0.64,0.04,-0.09,5.25,4.03,-8.23,0.41,1.02,-0.25,41.44,7.81,20.88,196.13,29.56,-159.88,0.19,0.94,-0.13,0.23
22660.0,-1.76,9.22,0.65,0.03,-0.26,-1.05,5.5,11.13,-2.44,13.88,-10.56,-79.81,0.76,0.64,0.04,-0.09,4.0,3.31,-8.84,-0.58,0.92,-0.81,38.63,26.5,13.0,196.44,30.25,-162.25,0.17,0.94,-0.14,0.24
22714.0,-1.53,9.19,1.05,0.28,-0.28,-0.64,0.5,-10.31,-3.88,14.38,-10.69,-79.81,0.76,0.64,0.04,-0.1,4.61,3.53,-8.02,-0.4,1.28,0.09,36.0,1.31,17.5,196.69,30.75,-164.44,0.16,0.95,-0.14,0.25
22768.0,-2.17,9.79,1.98,-0.34,0.3,0.31,0.81,-8.5,-0.38,14.38,-10.69,-80.0,0.76,0.64,0.04,-0.1,5.25,3.41,-8.5,-0.09,1.57,-0.4,33.81,-0.5,16.19,196.88,31.56,-166.94,0.14,0.95,-0.14,0.26
22822.0,-2.1,9.62,1.57,-0.39,-0.09,0.21,0.63,-0.13,3.94,14.31,-10.56,-80.0,0.76,0.64,0.04,-0.1,5.24,3.06,-8.81,0.02,1.42,-0.67,29.94,11.25,11.94,197.0,32.13,-168.56,0.13,0.95,-0.14,0.26
22879.0,-2.25,9.91,1.29,-0.22,0.22,-0.05,0.75,4.44,5.25,13.88,-10.38,-80.06,0.76,0.64,0.04,-0.09,5.51,2.83,-8.42,0.23,1.45,-0.28,24.69,6.81,7.81,197.06,32.56,-170.38,0.11,0.95,-0.14,0.27
22934.0,-2.0,9.57,1.45,-0.28,0.06,-0.21,-1.0,2.69,4.75,13.63,-10.06,-80.06,0.76,0.64,0.04,-0.09,5.58,3.12,-8.94,0.27,1.88,-0.79,13.13,-1.19,4.31,197.13,32.75,-171.38,0.11,0.95,-0.14,0.27
22986.0,-1.59,9.21,1.61,0.09,-0.3,-0.04,1.38,-2.06,4.06,13.5,-9.88,-80.13,0.76,0.64,0.04,-0.09,5.31,2.52,-8.94,0.0,1.34,-0.79,1.44,0.44,1.5,197.13,32.81,-171.75,0.1,0.95,-0.14,0.27
23041.0,-2.1,9.75,1.66,0.12,0.15,-0.18,0.63,-4.44,2.31,13.38,-9.75,-80.19,0.76,0.64,0.04,-0.09,5.73,2.49,-8.66,-0.26,1.03,-0.83,-10.94,0.69,-7.31,197.0,32.63,-171.31,0.11,0.95,-0.14,0.27
23094.0,-2.06,9.99,0.98,-0.41,0.46,-0.66,-1.06,8.31,2.13,13.06,-9.63,-80.19,0.76,0.64,0.04,-0.09,5.62,2.62,-8.8,0.37,1.21,-0.64,-19.88,-8.81,-14.44,196.75,32.31,-170.13,0.12,0.95,-0.14,0.27
23148.0,-1.76,9.64,0.95,-0.12,0.12,-0.73,-4.31,9.94,1.94,12.88,-9.63,-79.94,0.76,0.64,0.04,-0.09,5.03,2.64,-9.06,-0.14,0.95,-0.91,-30.69,-3.5,-21.0,196.13,31.81,-167.88,0.13,0.95,-0.13,0.26
23204.0,-1.67,9.49,1.09,-0.04,-0.01,-0.62,-5.75,8.5,2.5,12.56,-9.5,-79.75,0.76,0.64,0.04,-0.08,4.98,3.06,-8.78,-0.07,0.96,-0.64,-40.63,-14.44,-22.88,195.69,31.0,-165.5,0.15,0.95,-0.13,0.25
23259.0,-2.35,9.63,2.28,-0.73,0.11,0.54,-3.5,3.0,2.31,12.06,-9.5,-79.63,0.76,0.64,0.04,-0.08,5.42,3.6,-8.4,0.49,1.09,-0.31,-48.56,-13.5,-25.25,195.0,29.94,-162.13,0.17,0.95,-0.13,0.24
23313.0,-2.02,9.56,2.55,-0.98,-0.14,0.86,-11.19,0.25,7.81,11.38,-9.25,-79.25,0.77,0.64,0.04,-0.08,5.53,4.02,-8.14,0.77,0.98,-0.13,-54.5,-6.0,-24.56,194.56,29.0,-159.19,0.19,0.95,-0.12,0.23
23367.0,-3.07,9.54,1.6,-1.57,0.01,-0.19,2.31,5.38,11.88,10.75,-8.81,-79.31,0.77,0.64,0.04,-0.07,4.17,5.23,-8.25,-0.39,1.66,-0.34,-63.56,-20.69,-26.19,194.25,27.75,-155.69,0.22,0.94,-0.12,0.22
23422.0,-2.52,9.82,1.24,-0.81,0.26,-0.07,-4.25,0.31,21.19,9.75,-7.81,-79.19,0.77,0.64,0.03,-0.07,3.38,5.39,-7.89,-0.9,1.18,0.02,-65.31,-31.88,-24.63,194.06,26.13,-151.44,0.25,0.94,-0.12,0.2
23477.0,-2.27,9.89,1.77,-1.18,0.32,-0.07,-3.81,-8.75,33.31,8.5,-6.38,-79.0,0.77,0.64,0.02,-0.06,3.89,5.39,-7.57,-0.11,0.63,0.0,-74.88,-29.06,-36.31,193.69,23.69,-147.0,0.29,0.93,-0.11,0.18
23535.0,-0.88,9.5,1.87,-0.15,-0.08,-0.02,-0.81,-9.81,37.0,6.88,-4.19,-78.75,0.77,0.63,0.01,-0.05,4.03,5.03,-6.74,0.41,-0.45,0.53,-77.19,-21.0,-40.19,193.0,21.63,-142.94,0.32,0.93,-0.11,0.16
23590.0,0.39,9.02,1.33,0.69,-0.53,-0.6,-0.5,-12.94,36.13,5.19,-1.94,-78.69,0.77,0.63,-0.01,-0.04,2.89,4.81,-7.04,-0.38,-1.23,-0.06,-75.63,-24.75,-35.56,192.25,19.5,-139.0,0.36,0.92,-0.1,0.14
23645.0,1.86,8.76,1.45,1.89,-0.84,-0.47,-0.19,-23.25,32.5,3.88,-0.13,-78.63,0.77,0.63,-0.02,-0.03,3.29,5.41,-6.06,0.43,-1.29,0.48,-76.06,-20.31,-38.13,324.94,16.94,-134.25,0.39,0.91,-0.09,0.12
23701.0,1.13,9.62,0.46,1.38,-0.53,-1.1,-1.38,19.81,33.06,2.13,1.69,-78.5,0.77,0.63,-0.03,-0.01,3.73,5.85,-6.34,1.17,-1.33,-0.19,-75.06,-6.31,-40.31,331.19,15.13,-130.44,0.42,0.9,-0.08,0.11
23755.0,0.88,10.02,1.74,0.35,0.42,-0.2,-4.75,5.63,25.63,1.0,3.06,-78.44,0.77,0.63,-0.04,-0.01,3.28,7.0,-5.41,1.04,-0.91,-0.1,-67.94,10.75,-33.25,335.69,13.5,-125.81,0.45,0.88,-0.07,0.1
23808.0,1.63,9.58,1.65,0.95,0.0,-0.29,-0.06,7.75,14.06,0.38,3.94,-78.44,0.77,0.63,-0.05,0.0,1.79,7.43,-5.29,-0.33,-0.62,-0.13,-65.69,-11.5,-18.44,338.38,12.56,-122.56,0.48,0.87,-0.06,0.09
23862.0,1.36,9.58,1.84,0.58,0.01,-0.11,0.5,-6.06,12.5,359.38,4.63,-78.44,0.77,0.63,-0.05,0.0,2.37,7.91,-4.59,0.67,-0.53,-0.3,-53.56,-9.88,-19.94,342.31,11.13,-119.25,0.5,0.86,-0.06,0.08
23916.0,0.94,9.65,1.61,0.08,0.08,-0.34,-2.31,13.81,6.81,358.63,5.0,-78.38,0.77,0.63,-0.05,0.01,1.7,8.23,-4.56,-0.07,-0.37,-0.21,-49.13,-1.44,-11.81,344.25,10.38,-116.81,0.52,0.85,-0.06,0.07
23970.0,0.3,9.63,1.78,-0.59,0.06,-0.19,-0.5,2.56,4.81,358.13,5.25,-78.31,0.77,0.63,-0.05,0.01,2.27,8.81,-3.47,0.59,0.02,0.52,-47.38,1.75,-14.0,345.81,9.88,-114.44,0.54,0.84,-0.05,0.07
24025.0,1.0,9.63,1.37,0.05,0.07,-0.6,0.69,6.31,6.5,357.63,5.5,-78.31,0.77,0.63,-0.05,0.02,1.68,8.44,-3.89,0.13,-0.54,-0.31,-45.75,-4.88,-11.06,347.75,9.06,-111.63,0.56,0.82,-0.05,0.06
24080.0,0.28,9.59,1.97,-0.7,0.06,0.31,2.31,2.5,7.94,357.25,5.88,-78.38,0.77,0.63,-0.05,0.02,2.2,9.36,-2.7,0.74,0.23,0.54,-44.81,-2.69,-9.38,349.19,8.44,-109.06,0.58,0.81,-0.05,0.05
24135.0,1.33,9.42,2.06,0.26,-0.13,0.12,1.75,-3.13,6.44,357.06,6.19,-78.5,0.77,0.63,-0.05,0.02,1.33,8.77,-2.99,-0.02,-0.51,-0.17,-42.44,-6.81,-7.44,350.13,7.94,-106.81,0.59,0.8,-0.05,0.05
24190.0,1.82,9.58,1.31,0.64,-0.07,-0.4,2.81,-4.56,4.38,357.06,6.5,-78.69,0.77,0.63,-0.06,0.02,1.61,9.01,-2.71,0.3,-0.36,-0.2,-38.06,-0.38,-8.13,351.06,7.63,-104.94,0.61,0.79,-0.05,0.05
24245.0,1.5,9.45,1.95,0.35,-0.1,0.07,2.75,0.31,2.75,356.81,6.69,-78.88,0.77,0.63,-0.06,0.02,1.55,9.0,-2.42,0.3,-0.45,-0.16,-26.81,5.06,-10.0,351.5,7.19,-103.13,0.62,0.78,-0.04,0.05
24297.0,2.33,9.53,1.47,1.18,-0.02,-0.38,-0.13,-3.06,-3.38,356.94,6.69,-78.94,0.77,0.63,-0.06,0.02,1.02,9.07,-2.64,-0.15,-0.43,-0.57,-14.06,-5.5,-4.06,352.0,6.88,-102.19,0.63,0.78,-0.04,0.04
24352.0,1.58,9.56,1.4,0.61,0.0,-0.38,-2.06,-5.94,-8.81,357.5,6.31,-78.88,0.77,0.63,-0.06,0.02,1.29,9.27,-2.42,0.14,-0.25,-0.41,-6.81,-15.44,0.69,352.81,6.69,-101.88,0.63,0.77,-0.04,0.04
24406.0,1.25,9.48,1.82,0.23,-0.08,-0.06,-1.69,2.06,-9.69,357.88,5.94,-78.81,0.77,0.63,-0.06,0.01,1.73,9.31,-1.95,0.6,-0.21,0.03,-1.94,-4.63,-2.31,353.5,6.56,-101.75,0.63,0.77,-0.05,0.04
24457.0,0.42,9.63,1.55,-0.5,0.05,-0.35,-2.19,11.19,-8.44,358.0,5.44,-78.69,0.77,0.63,-0.05,0.01,0.53,9.49,-1.72,-0.56,-0.03,0.27,2.81,4.94,-4.25,353.44,6.38,-101.81,0.63,0.77,-0.04,0.04
24508.0,0.24,9.57,1.94,-0.61,0.0,0.02,-0.94,1.19,-6.13,358.25,5.0,-78.63,0.77,0.63,-0.05,0.01,0.73,9.46,-1.41,-0.21,-0.11,0.5,0.5,-1.94,-0.69,353.56,6.25,-101.81,0.63,0.77,-0.04,0.04
24558.0,1.14,9.53,1.76,0.32,-0.04,-0.16,-1.0,1.44,-5.0,358.5,4.75,-78.63,0.77,0.63,-0.05,0.01,1.54,9.22,-2.45,0.27,-0.25,-0.28,1.25,-1.13,-1.44,353.81,6.19,-101.81,0.63,0.77,-0.04,0.03
24610.0,0.62,9.56,1.77,-0.14,-0.02,-0.16,-0.94,7.44,-5.25,358.5,4.5,-78.5,0.77,0.63,-0.04,0.01,1.08,9.34,-2.09,0.02,-0.19,-0.08,2.63,5.0,-2.81,353.75,6.13,-101.88,0.63,0.78,-0.04,0.03
24662.0,0.08,9.62,1.82,-0.63,0.04,-0.13,-1.25,7.38,-4.38,358.44,4.13,-78.44,0.77,0.63,-0.04,0.01,0.72,9.67,-1.71,-0.32,0.13,0.3,0.38,-0.13,0.13,353.69,6.13,-101.94,0.63,0.78,-0.04,0.03
24714.0,0.05,9.65,1.84,-0.59,0.03,-0.07,-0.25,-2.13,-2.0,358.69,3.94,-78.44,0.77,0.63,-0.04,0.01,1.39,9.7,-1.81,0.33,0.17,0.2,-1.0,-6.63,3.56,353.88,6.19,-101.94,0.63,0.78,-0.05,0.03
24767.0,0.85,9.57,1.74,0.18,-0.01,-0.21,0.06,-1.06,-0.63,358.94,3.88,-78.44,0.77,0.63,-0.04,0.01,1.17,9.2,-2.21,0.11,-0.32,-0.17,5.75,5.06,-0.19,353.94,6.19,-102.06,0.63,0.78,-0.05,0.03
24823.0,0.89,9.5,1.79,0.13,-0.05,-0.18,-0.69,3.69,-2.63,359.06,3.75,-78.44,0.77,0.63,-0.04,0.01,1.2,9.26,-2.25,0.12,-0.24,-0.14,8.88,-0.31,2.56,353.69,6.31,-102.5,0.62,0.78,-0.05,0.03
24877.0,0.6,9.57,1.84,-0.02,-0.01,-0.11,-1.31,3.94,-3.31,359.06,3.63,-78.44,0.77,0.63,-0.04,0.01,1.16,9.37,-2.26,-0.07,-0.03,0.11,10.75,-5.94,4.38,353.63,6.44,-103.06,0.62,0.78,-0.05,0.03
24933.0,0.64,9.46,1.82,-0.02,-0.03,-0.11,-1.5,0.19,-2.38,359.13,3.44,-78.31,0.78,0.63,-0.03,0.01,1.2,9.38,-2.26,0.07,-0.08,0.02,11.0,1.25,2.19,353.5,6.56,-103.56,0.62,0.78,-0.05,0.03
24987.0,0.35,9.68,1.7,-0.22,0.09,-0.27,-1.13,1.63,-0.38,359.13,3.31,-78.31,0.78,0.63,-0.03,0.01,1.19,9.39,-2.17,0.03,-0.2,-0.15,11.75,5.44,1.0,353.13,6.75,-104.06,0.61,0.79,-0.05,0.04
25042.0,0.16,9.64,1.86,-0.3,0.03,-0.15,-0.31,1.38,0.44,359.06,3.31,-78.25,0.78,0.63,-0.03,0.01,0.99,9.45,-2.16,-0.19,0.03,0.29,10.56,0.38,3.31,352.69,6.88,-104.63,0.61,0.79,-0.05,0.04
25095.0,0.52,9.52,2.03,-0.04,-0.06,0.04,0.31,-1.94,1.0,359.13,3.31,-78.31,0.78,0.63,-0.03,0.01,1.43,9.28,-2.54,0.22,-0.1,0.01,13.13,-0.75,4.13,352.44,7.06,-105.25,0.61,0.79,-0.05,0.04
25147.0,-0.22,9.64,1.91,-0.81,0.05,-0.06,0.31,-0.25,2.75,359.13,3.38,-78.31,0.78,0.63,-0.03,0.01,1.11,9.59,-2.47,-0.12,0.23,0.17,9.06,-2.19,4.31,352.25,7.25,-105.81,0.6,0.8,-0.05,0.04
25201.0,0.49,9.56,1.85,-0.25,0.01,-0.1,-0.06,-3.06,5.94,358.94,3.69,-78.31,0.78,0.63,-0.04,0.01,1.44,9.35,-2.84,0.19,0.0,-0.17,-0.19,0.63,0.31,352.19,7.31,-105.94,0.6,0.8,-0.05,0.04
25256.0,1.25,9.51,1.77,0.55,-0.06,-0.2,-0.56,-3.5,6.25,358.75,4.06,-78.31,0.78,0.63,-0.04,0.01,1.36,9.01,-3.12,0.11,-0.34,-0.48,-4.19,2.69,-0.88,352.19,7.31,-105.75,0.6,0.8,-0.05,0.04
25307.0,1.38,9.53,1.68,0.63,-0.04,-0.3,-2.31,-2.31,3.63,358.5,4.38,-78.25,0.78,0.63,-0.04,0.01,1.43,9.04,-3.08,0.18,-0.31,-0.44,-4.19,-1.94,-0.56,352.19,7.31,-105.69,0.6,0.79,-0.05,0.04
25358.0,0.72,9.58,1.8,-0.05,0.01,-0.18,-1.25,-1.5,1.56,358.31,4.56,-78.19,0.78,0.63,-0.04,0.01,1.44,9.16,-2.76,0.18,-0.19,-0.14,-5.13,-2.56,0.44,352.25,7.38,-105.63,0.6,0.79,-0.05,0.04
25408.0,0.61,9.58,1.87,-0.18,0.02,-0.12,-0.44,1.13,0.88,358.31,4.63,-78.19,0.78,0.63,-0.04,0.01,1.3,9.29,-2.68,0.03,-0.07,-0.07,-3.25,-0.88,-0.94,352.31,7.38,-105.56,0.6,0.79,-0.05,0.04
25460.0,0.55,9.6,1.84,-0.24,0.04,-0.15,-1.25,-0.81,1.0,358.38,4.69,-78.19,0.78,0.63,-0.04,0.01,1.29,9.26,-2.62,0.15,-0.16,-0.18,-4.0,-3.13,1.06,352.5,7.38,-105.38,0.61,0.79,-0.05,0.04
25512.0,0.81,9.54,1.92,-0.16,0.0,-0.11,-1.25,-1.94,0.25,358.5,4.69,-78.13,0.78,0.63,-0.04,0.01,1.26,9.23,-2.52,-0.17,-0.08,0.12,-4.19,-3.69,1.19,352.69,7.38,-105.25,0.61,0.79,-0.06,0.04
25564.0,1.04,9.51,1.83,0.18,0.0,-0.07,-1.44,-3.19,-0.13,358.56,4.69,-78.06,0.78,0.63,-0.05,0.01,1.49,9.28,-2.67,0.23,-0.1,-0.14,-2.81,-1.31,0.94,352.88,7.38,-105.06,0.61,0.79,-0.06,0.04
25617.0,0.93,9.48,1.83,0.12,-0.07,-0.18,-1.19,-2.94,-0.19,358.63,4.69,-78.06,0.78,0.63,-0.05,0.01,1.38,9.21,-2.61,0.12,-0.17,-0.09,-2.13,-1.63,0.31,353.0,7.38,-104.94,0.61,0.79,-0.06,0.04
25670.0,0.82,9.58,1.91,0.01,0.02,-0.11,-1.31,-0.69,-0.06,358.69,4.75,-78.0,0.78,0.63,-0.05,0.01,1.27,9.33,-2.43,-0.02,-0.02,0.08,-1.56,-2.63,0.63,353.06,7.38,-104.88,0.61,0.79,-0.06,0.04
25723.0,0.71,9.47,1.95,-0.03,-0.06,-0.03,-0.88,-3.25,0.81,358.75,4.75,-78.0,0.78,0.63,-0.05,0.01,1.41,9.32,-2.37,0.14,-0.07,0.11,-3.38,-2.63,0.81,353.19,7.44,-104.81,0.61,0.79,-0.06,0.04
25777.0,0.72,9.58,1.92,-0.1,0.02,-0.1,-0.06,-2.56,1.75,358.75,4.81,-78.0,0.78,0.63,-0.05,0.01,1.42,9.27,-2.53,0.15,-0.13,-0.07,-4.44,-1.63,-0.44,353.38,7.44,-104.56,0.61,0.79,-0.06,0.04
25832.0,0.82,9.51,1.9,0.11,-0.01,-0.07,0.38,-0.63,1.88,358.75,4.94,-78.0,0.78,0.63,-0.05,0.01,1.52,9.22,-2.53,0.25,-0.19,-0.11,-5.31,-1.31,-1.06,353.44,7.44,-104.38,0.61,0.79,-0.06,0.03
