Exercise,Counter,Timestamp,Acc_X1,Acc_Y1,Acc_Z1,Acc_X2,Acc_Y2,Acc_Z2,Rotspeed_X,Rotspeed_Y,Rotspeed_Z
1.0,2.0,0.0,0.13,9.33,-8.37,-0.0551682171951051,0.19765357978025,0.0461089079215699,-2.69,0.75,0.37
1.0,3.0,0.0539999999999994,-0.0351759282216742,-0.0568812452266595,0.366021576728445,-0.0204160561110264,0.181587336806374,0.00963021514671052,-2.82,-0.94,1.44
1.0,4.0,0.105,0.0233466604019728,-0.122139139458651,0.32463613256153,0.0320829382969694,0.0556814101210934,0.105266647125725,-1.63,-3.57,2.31
1.0,5.0,0.157,-0.0468212696193015,-0.153960409677713,0.340803664901893,-0.176067563464953,0.180429966141113,0.0944489923043152,-0.19,-2.07,2.63
1.0,6.0,0.212,-0.056209513946041,-0.114326264920981,0.347153124863929,-0.0238742401004368,0.0703447346082264,0.0583501101590949,-1.07,-1.94,1.31
1.0,7.0,0.263999999999999,0.0638724484657158,-0.117437020494321,0.355205903430392,-0.0804050300525424,0.0288414304203367,0.149822754092085,-0.12,-2.69,1.5
1.0,8.0,0.315,0.0340363840849107,-0.10717112726225,0.357211101271047,-0.0483919345956071,0.0675537883506379,0.114551737000181,0.19,-2.38,0.68
1.0,9.0,0.367999999999999,-0.0861535351398027,-0.0910815637312449,0.330955604519968,-0.0901470683925296,0.217703722643435,-0.000289504904872437,2.12,-0.31,0.12
1.0,10.0,0.422,0.053898438468675,-0.105879643907251,0.347031173649293,-0.0468581534728755,0.0135293970270166,0.107245703972768,3.19,-1.75,0.25
1.0,11.0,0.474,-0.0733226590103249,-0.154100860614171,0.352169742215349,0.167973976772389,0.0800916816261317,0.0190621394641376,4.56,-7.19,0.88
1.0,12.0,0.524999999999999,0.480862017766729,-0.0691358468691691,0.411687209868329,0.27669467945094,-0.306140210825011,0.200728523660525,10.94,-1.06,0.87
1.0,13.0,0.577,0.531677189890812,-0.296703222601593,0.303683240838351,-0.040750615883411,-0.562983174269943,0.348707044866534,6.87,5.0,-1.94
1.0,14.0,0.632,0.478564316042878,-0.113826145398066,0.374349556855755,0.155842062647403,-0.28622688542285,0.224298171740586,4.88,10.44,-5.37
1.0,15.0,0.684,0.178011943553461,-0.391523378740415,0.267702230843599,-0.250045783254832,0.0221199548324922,0.087131381155501,-1.44,7.81,-4.37
1.0,16.0,0.734999999999999,-0.328054764971821,-0.22777887933711,0.322786872339589,-0.1985585156138,0.387821160980606,-0.126156534340464,-3.25,4.44,-3.06
1.0,17.0,0.789,-0.758228678199573,-0.194682119364969,0.283038773169181,-0.367911461361266,0.667963125324285,-0.323158053745235,-0.44,5.19,-3.38
1.0,18.0,0.843999999999999,-0.40995900409959,-0.131747649152693,0.323447307304066,-0.392400805987219,0.438492576354714,-0.0981515986510991,1.32,0.0599999999999999,-1.5
1.0,19.0,0.895,-0.27997200279972,-0.189465105084332,0.304265143928563,0.000682634049267421,0.247524703069159,-0.0865647838674812,2.68,1.06,-2.19
1.0,20.0,0.948,-0.0754418202542255,-0.0646861229633697,0.355203904230152,-0.022112561178525,0.14568778560919,-0.0906216324041275,1.62,0.19,-0.56
1.0,21.0,1.004,-0.165145935020155,-0.0666193495953878,0.376323455564836,-0.13036777053793,0.281702754901403,-0.132986559537716,1.56,1.63,-0.68
1.0,22.0,1.056,-0.0450639726083977,-0.0697301051687283,0.384376234131298,0.0748359858831362,-0.0255067198944907,-0.0287437798907515,1.13,-3.32,0.87
1.0,23.0,1.108,0.192930819954785,-0.166955211237297,0.335607743478299,0.088246648447223,-0.114524903835518,0.0894558902834978,1.06,-5.06,2.12
1.0,24.0,1.158,0.223808467660597,-0.119516188743855,0.352774875938629,0.089394550391034,-0.178949107549944,0.0846599911569593,-0.56,-2.94,1.44
1.0,25.0,1.208,0.119683286792386,-0.0733116700020804,0.380048856131654,0.0635995875198538,-0.0656814949479295,0.0138336484977293,-3.13,0.87,0.5
1.0,26.0,1.259,0.0172117839131409,-0.125274693987339,0.344202711238084,0.0241527111510233,-0.10176490769251,0.0598016475125715,-2.19,0.94,0.25
1.0,27.0,1.312,-0.0335464451682205,-0.130739228087106,0.324435483407721,0.00988558049539474,-0.0260785252332499,0.0247810614349506,-1.13,0.32,0.69
1.0,28.0,1.365,0.0969759997562438,-0.161623336257908,0.366747161152058,-0.00300255990104517,-0.0782097258462971,0.0593144771975013,-0.94,0.44,0.56
1.0,29.0,1.417,0.0982347407006142,-0.11071925306712,0.364604304544379,0.0119963204523215,-0.0703076244908312,0.0135025715285081,-0.75,0.5,0.19
1.0,30.0,1.471,0.059241743446118,-0.0686463365019139,0.362130778688617,0.0034638803626627,-0.02039354592392,0.0453615216838364,-1.0,-0.25,0.38
1.0,31.0,1.526,0.0567682175903552,-0.159030929312955,0.358091818658387,-0.00332369461893842,-0.056502808521953,0.106358227806029,-0.19,-1.25,0.44
1.0,32.0,1.578,0.0667552280831099,-0.159290669507825,0.357788122430539,-0.000481204964273466,-0.0171434239648086,0.0142472461529726,-0.87,0.69,-0.18
1.0,33.0,1.631,0.0762227581861243,-0.156443517371749,0.337744171392565,0.0343335765108586,0.00210278615586442,0.0246249680891016,-1.0,-0.82,0.19
1.0,34.0,1.683,0.107398574575781,-0.117742228336107,0.343014899346928,-0.0128434002654641,0.0113699586186598,0.0411609204977715,-1.26,-1.06,0.25
1.0,35.0,1.735,-0.0539120744475339,-0.162937022243501,0.340146768195113,-0.0380032614760101,0.0153468591498454,0.00322626055592436,-1.88,-0.31,0.25
1.0,36.0,1.785,0.00835164626582261,-0.108381591313289,0.367337570595012,0.0312604266253848,0.0120450374838286,0.0643979503014893,-1.82,-3.06,0.57
1.0,37.0,1.836,-0.156339621293801,-0.203476472658224,0.295975950055957,-0.0956623538274053,0.0581999508236365,-0.0169406020377181,-2.25,-0.75,0.44
1.0,38.0,1.886,-0.0753778458465476,-0.100519788063983,0.390059960413436,0.0293107511399711,-0.00428312187208695,-0.00416381485615138,-1.31,-0.69,0.38
1.0,39.0,1.937,0.0529868031592642,-0.165135939018955,0.337734892533591,0.00442629029120963,0.0138933020056971,0.0168670293778912,-1.0,-0.87,-0.0600000000000001
1.0,40.0,1.99,-0.0667053152057051,-0.166679321604185,0.35931026152298,-0.162745706212578,0.0285282959604603,0.0427874728150265,-2.44,-1.69,0.38
1.0,41.0,2.043,-0.00622950794764063,-0.11497600499896,0.346393428772754,-0.0617428129250564,-0.0355539740479946,0.0375773303677005,-1.5,-1.63,-1.13
1.0,42.0,2.097,0.0331027575728605,-0.177854850945428,0.356241489154679,0.0215801382711998,0.0404930796572225,0.0498632058402907,-2.62,-0.18,-1.19
1.0,43.0,2.149,0.113852454464116,-0.118086760572301,0.354446207339216,0.0211319453814377,-0.0799530198024096,0.10783181538853,-7.57,-5.75,-0.5
1.0,44.0,2.203,0.00771537008356655,-0.122410542657457,0.264017565699,0.00339291757719164,-0.0279148303199464,-0.0253322838890563,-5.87,-0.94,-1.44
1.0,45.0,2.256,0.00493802459264196,-0.0589524166752332,0.375289869040789,-0.0262940880273434,0.0654620267652493,-0.0433446243682124,-1.62,-0.31,0.44
1.0,46.0,2.307,-0.0665953591925086,-0.109542178746814,0.317676916526313,-0.159477358086925,0.0340069386596928,0.183512229585185,0.31,-4.06,1.44
1.0,47.0,2.361,0.0828228675400693,-0.175401832251026,0.335729694692935,-0.0953157139532169,-0.0660182587709617,0.143455063911429,-6.76,-2.63,-1.13
1.0,48.0,2.412,0.245829658303492,-0.0567792860144228,0.382047165851773,-0.0569733534223347,-0.0526876679579831,0.207658770619489,-6.69,0.94,-3.63
1.0,49.0,2.465,0.246369442368275,-0.14779287693751,0.31715312606345,-0.076175482366975,0.0360959077797593,0.178489688405375,-11.12,6.12,-6.75
1.0,50.0,2.518,-0.0635285860244468,-0.160829661702133,0.309754085975446,0.0890558531510507,0.355051197364031,0.0595391889838909,-17.12,4.57,-8.32
1.0,51.0,2.571,-0.0631367427774193,-0.130621746076699,0.375215898631911,0.1952885132067,0.294241974792397,0.01236881370019,-22.94,-4.81,-7.69
1.0,52.0,2.623,0.646731281618102,-0.121383441767955,0.37586563870989,0.220012077407476,-0.0834151300089362,0.427781728458732,-30.82,-13.69,-2.81
1.0,53.0,2.677,0.67624119442164,-0.244233437956217,0.3244602946218,-0.0273202349420037,0.225774974334331,0.638609740718233,-38.75,-23.63,-8.75
1.0,54.0,2.733,0.493379766663288,0.244410619269054,0.387808490200703,0.603863992538497,-0.0861950776922638,0.409493366495568,-51.01,-15.87,-13.69
1.0,55.0,2.786,0.879709769027111,-0.215333629459913,0.0440899422110344,-0.236172688336404,0.045245884435047,1.09764657920599,-56.0,-27.87,-22.88
1.0,56.0,2.838,0.815309414734108,0.00367922548847163,0.33892231681463,0.138944682557262,0.248683199621987,0.294923635769519,-63.07,-1.19,-33.56
1.0,57.0,2.893,-0.0169908455210616,-0.267352168926444,-0.19140066014222,-0.124746096571528,0.202614945917035,0.551399418176753,-65.31,-34.25,-40.94
1.0,58.0,2.946,-0.372955974887677,-0.317541193417296,-0.0580068503862412,0.034236332805073,0.0141686529165958,0.508506706190486,-53.81,-13.88,-51.12
1.0,59.0,2.999,-0.510641470316361,0.0777279289434362,0.232830954113861,0.513276404049405,-0.371174970916561,-0.667597336699587,-65.07,3.75,-61.44
1.0,60.0,3.056,1.47547650293393,0.946372864027557,0.527853921020541,-0.0248271651135554,1.05658299425371,-0.157211165998818,-60.5,-53.87,-69.63
1.0,61.0,3.109,-1.46304995412816,0.0476032732176172,-0.376329883196128,0.367230907215707,-0.653300237009687,-0.589426268834583,-57.37,-22.0,-57.63
1.0,62.0,3.162,-0.656658900420493,-0.145327616564568,0.26836821813467,-0.869320376784532,0.160025778124007,-0.465320324592766,-53.06,-18.19,-52.5
1.0,63.0,3.215,0.844867787631171,0.0609609627675912,0.0395075481928192,-0.293247386700145,-0.467857670316379,0.0227686151838715,-60.94,-32.75,-38.19
1.0,64.0,3.27,-0.606538675186378,0.00837532497145601,-0.503298049622739,0.202595925004359,-0.600663301679119,-0.335746475074139,-55.13,-38.76,-31.32
1.0,65.0,3.324,-0.735227706015398,-0.655542190424298,-0.331134004452449,-0.607830130911778,-1.1786699611681,-0.771258061344043,-48.5,-22.69,-25.0
1.0,66.0,3.378,0.925016055740569,0.791208391171508,0.0678592701678097,0.359667724423431,0.499620201430152,-0.63707787341197,-57.32,-38.32,-12.13
1.0,67.0,3.436,-0.795771132108332,-0.166013176966788,-0.228348123215505,-0.0235076711610213,-0.528374459139948,-0.178736564683581,-53.25,-29.12,-12.57
1.0,68.0,3.49,-0.141646104808179,0.386045723894046,0.156543944570706,-0.344796114347391,-0.778090823955175,-0.329264614847383,-45.07,-22.0,-12.81
1.0,69.0,3.545,0.329505040955783,0.556013933214474,0.117142548966112,-0.15660098468304,-0.670477103087547,-0.977774552712749,-42.25,-40.01,-19.31
1.0,70.0,3.597,-0.241614628606234,0.0513219422748701,-0.514643706894911,0.267501252769447,-1.35004985640846,-0.441156083626494,-39.63,-15.57,-27.57
1.0,71.0,3.653,-0.24139507672037,-0.527529363179139,-0.537362156528237,-1.07127986545866,-1.1939288446565,-0.267032699465132,-30.06,-25.88,-21.06
1.0,72.0,3.707,0.474152577261401,-0.877778806496409,0.0936390149069213,-1.35518657646205,-1.18481195455683,0.289207202917827,-30.81,-22.38,-17.25
1.0,73.0,3.759,0.0294682561276059,-0.393636622446349,-0.368710888245723,-0.706281761081141,-1.09952752709681,0.0707038572190397,-27.81,-22.06,-8.44
1.0,74.0,3.812,0.154928573227562,-0.80089883994829,-0.354689177395197,-1.08518566813576,-1.37472342235177,0.289950958148695,-23.32,-1.44,-3.56
1.0,75.0,3.866,0.0133753129364048,0.011696254939968,0.0513846927219418,-1.13089875259996,-1.97919632360439,0.0811324406397443,-12.75,-0.75,-0.12
1.0,76.0,3.918,-0.404805568032741,0.170162947364876,-0.00396188468835568,-0.592059973451998,-2.49852785582246,0.147525498561892,3.81,5.94,4.75
1.0,77.0,3.971,-0.441403477841427,0.190715224185721,0.179374329265303,-0.787854949011437,-1.75735474766766,-0.098803145747314,14.13,6.88,10.81
1.0,78.0,4.025,-0.301699344683574,-0.110648758956367,-0.151558861842034,-0.462595558751569,-1.33590427919166,0.0375158097869139,26.94,14.76,15.5
1.0,79.0,4.08,0.125544777845123,-0.000886486875308528,0.0615718324114292,-0.755313951539191,-0.793992740460535,-0.218925897229089,34.82,6.81,12.88
1.0,80.0,4.137,-0.0933607451960643,0.0670791954447745,0.0827289814595069,-0.534171805192807,-0.907451098634357,-0.265957664245751,35.31,8.69,11.69
1.0,81.0,4.193,0.481631865302625,0.329352669553912,0.324239413257133,0.141257188981939,-0.175938774068119,-0.143026543338935,36.88,11.87,11.87
1.0,82.0,4.246,-0.493461146166742,-0.0502410104531999,-0.0311850885815678,-0.057123424652543,-0.873498536490573,-0.46854163208628,48.19,18.12,12.56
1.0,83.0,4.3,-0.147184016172413,0.0808719712010602,0.0425902603998235,-0.237943874307511,-0.705797698804692,-0.0788023165645543,50.56,21.5,11.32
1.0,84.0,4.355,-0.679067035584163,-0.0702244061011043,0.0410055065244812,-0.514223265356921,-0.589606123552915,-0.10565657451536,49.44,13.37,11.82
1.0,85.0,4.408,-0.633505361668072,0.0720072542108644,0.270101488628648,-0.223472344512927,-0.635363803730089,-0.779546946289922,62.94,28.75,25.25
1.0,86.0,4.459,-0.119530597129296,-0.256172315701184,-0.152796254757948,-0.779930595903685,-0.494330257243285,-0.429909757178586,58.56,27.57,39.0
1.0,87.0,4.513,-0.30727579465114,-0.18296796773229,-0.239189050378934,-0.179859576853676,-0.0664880780010047,-0.234836991345631,59.06,13.06,54.88
1.0,88.0,4.567,-0.312658347739475,0.129090722704972,0.250728592522843,0.0320453789361015,-0.0241076808669274,-0.584124991263286,60.75,29.37,65.69
1.0,89.0,4.622,0.37508415955786,-0.871422738445574,-0.38437998606114,0.111059144106206,0.287196483393527,0.595983227742823,63.19,12.06,69.69
1.0,90.0,4.678,-0.661124651106074,-0.500874898899672,-0.560442483558213,0.907330023870329,0.408199775684944,-0.122252844266471,65.0,24.44,70.13
1.0,91.0,4.735,1.10749658647095,-0.0738752398693754,0.40233757774199,-0.363916757881499,0.634302293273412,0.870507127162646,62.5,15.69,65.19
1.0,92.0,4.79,-0.077160246898567,-0.556958307509541,-0.137750597458548,0.931984064022896,0.561465544300933,0.952408242429523,51.69,18.12,60.81
1.0,93.0,4.846,0.189491829290301,-0.0922933704387066,0.125810488447797,0.16103176390702,0.345463213131915,0.454155568489396,53.19,18.87,40.5
1.0,94.0,4.9,-0.201787613631613,-0.413134626782133,-0.189281242507971,0.015805703495269,0.0406006024074092,-0.207527454351779,41.0,22.0,35.69
1.0,95.0,4.955,0.0797274019149936,0.433806230040335,0.316450125220935,0.873933542059022,0.120103016047994,0.201797342616894,38.69,3.44,28.19
1.0,96.0,5.007,-0.0463506894421709,0.102751795656602,0.163464296661324,0.174343267165133,0.0451152541169557,0.542913745525294,40.19,-4.0,27.56
1.0,97.0,5.059,-0.111767870964919,0.0578552801927297,0.122611741692884,-0.324914043330876,0.130788171628451,0.0888501338179642,34.63,3.88,15.94
1.0,98.0,5.111,-0.841811560198803,-0.0173326153220555,-0.0234863807846426,-0.1126945532579,0.285454208260298,-0.467220496660822,38.0,-4.5,12.0
1.0,99.0,5.162,-0.185500199977282,0.530512512279225,0.415435859112859,0.657554462672795,0.299054283624802,0.211074239518575,41.51,-11.06,22.57
1.0,100.0,5.213,0.347775916401336,-0.84518531199325,-0.303318109722298,-0.862937578886401,-0.234530903835458,0.593939782017006,25.44,1.75,21.44
1.0,101.0,5.265,0.905532141565538,0.0449095029958204,0.133291751729838,0.50499613733362,-0.159818700933935,0.583058584477006,22.19,-7.19,11.5
1.0,102.0,5.319,-0.0168720673326761,-0.00132685793054868,0.122633533505043,0.314627274266091,-0.0722740024737133,0.351470113753982,15.69,-2.25,5.07
1.0,103.0,5.373,1.02062900103498,-0.345562806099243,0.228763011185503,0.179797603812837,-0.254179936652095,0.439224225513005,4.0,4.0,7.57
1.0,104.0,5.426,0.0493927909056082,0.140589463235646,-0.0847775558906472,0.269011483664194,0.0854908175727406,-0.0998043733112928,6.94,-4.75,6.19
1.0,105.0,5.478,0.10848601688379,-0.263419698662099,-0.0489641944634069,-0.190434611665777,-0.21842311052762,0.649869411538428,9.63,-7.19,2.62
1.0,106.0,5.536,0.171471999538846,-0.369998657981966,-0.0788558472488571,0.180196214285058,-0.191403845785742,0.367361029922049,-4.25,-0.12,-0.38
1.0,107.0,5.59,-0.166897027424156,-0.0916311668884162,-0.0775818541546075,0.0291754538018354,0.0128587286851144,0.363348620955475,-8.44,5.56,-3.56
1.0,108.0,5.646,0.255386464428914,-0.306037520118966,0.0540719630727597,-0.241764992310372,0.0810781877474642,0.389220759915325,-17.87,6.38,-7.44
1.0,109.0,5.698,0.728930046980155,-0.168736461649293,0.0691971504042264,-0.362289701075196,0.198750110759911,0.720050730746658,-28.88,2.0,-15.81
1.0,110.0,5.753,0.10401447801948,-0.105106022090089,0.273231442990864,0.638085934827075,0.659650306060149,-0.230432451443513,-27.07,3.69,-34.0
1.0,111.0,5.807,0.867454831315534,0.180012014444978,0.629063240790297,0.534238821592368,-0.135043858116765,0.35234788347187,-46.75,-14.94,-21.13
1.0,112.0,5.858,-0.212434346458457,0.157356028774595,-0.00340408285678069,0.451505770056312,0.370111865861973,-0.31116789980051,-45.5,-13.88,-22.88
1.0,113.0,5.908,0.699637365929164,-0.702428431656206,-0.218521021427819,-0.583669806459463,0.103244314690111,0.989264943608893,-46.93,-16.37,-27.62
1.0,114.0,5.96,-0.358918662238402,0.253831556577935,-0.0660760096701342,1.14626883166232,0.526633222316538,-0.340280169690926,-48.81,-7.06,-33.75
1.0,115.0,6.01,1.06734252323428,0.0189316330377486,0.368019472536839,-0.389344299254209,0.441270098927757,0.747864982099216,-53.25,-14.75,-40.44
1.0,116.0,6.061,-1.10777427207477,0.209624375284883,-0.33066108765682,0.451020408080277,0.406794069913317,0.0251934790468371,-63.81,2.75,-51.62
1.0,117.0,6.112,-1.22024785204927,-0.241925220234897,-0.467291064882404,-0.179879270882709,-0.0874623904001962,-0.852868546328897,-61.07,-5.31,-57.5
1.0,118.0,6.163,1.56102952574852,0.767874819357264,0.977017154057691,0.819625767026085,0.745132698669226,0.701598444483725,-61.37,-48.94,-71.44
1.0,119.0,6.215,-1.38524784545191,-0.0900899604122367,-0.509016373090109,0.530167524073341,-0.283466561139691,0.414889856219496,-59.81,-5.37,-61.88
1.0,120.0,6.267,-0.978875879401628,-0.883676102977996,-0.594075775705351,-1.38753410877835,-0.0464034530848634,-0.103576281303974,-40.69,1.37,-66.0
1.0,121.0,6.319,2.13227731309649,0.0349221208362068,0.311895896311481,0.66273688131603,0.848486126784015,0.209969412526889,-52.19,-44.13,-58.44
1.0,122.0,6.371,-1.47891909954376,-0.443117341869084,-0.523230674305117,-0.831061363910492,-1.00189256928997,-0.606169687881255,-45.44,-9.19,-33.0
1.0,123.0,6.426,-0.762636112665419,-0.698704437249516,-0.213994151209301,-0.875129913029592,-1.11252694472103,-0.394040368091149,-49.75,-26.19,-31.88
1.0,124.0,6.48,1.16536749971758,0.972546363366955,0.218212744438984,0.477433463461164,0.605475601475013,-0.599261075197135,-47.75,-39.38,-39.0
1.0,125.0,6.538,-1.04942091205621,-0.799721591518292,-0.828064522653062,-0.174546669843535,-1.56217182493652,-0.41423363811456,-36.12,-22.94,-26.88
1.0,126.0,6.594,-0.455604978929418,-0.630716288922317,0.149339849208594,-1.1061138830724,-1.13479178242688,-0.238719358595334,-42.19,-26.75,-25.5
1.0,127.0,6.651,0.164738383641498,-0.0903471095542274,0.0414738876105556,-0.0239145966133636,-0.195047125686065,-0.702214934780274,-46.38,-20.87,-25.13
1.0,128.0,6.706,-0.395183846038571,-0.320804450481333,-0.284320535362181,-0.657615595700817,-1.69543132818551,-0.473556375992246,-40.69,-7.94,-21.69
1.0,129.0,6.759,0.0154318285504606,0.210946554113092,0.269325815736655,-0.681623913001649,-1.6236010144846,-0.268163874189765,-35.69,-13.75,-17.69
1.0,130.0,6.811,-0.358878626805046,0.694948772010572,0.360651899661842,0.00866608861034987,-2.00635111534919,-0.862037018724419,-26.88,-11.06,-22.44
1.0,131.0,6.863,0.0344851441002944,-0.0109616821256192,-0.0877714364509695,-0.4520877196437,-1.29815760632641,0.0114057570658491,-19.94,-11.5,-11.62
1.0,132.0,6.913,0.670156371778007,-0.149680027546796,0.31084126261929,-0.499389610454918,-0.453176336149365,-0.810620287118601,-17.5,-10.44,-12.38
1.0,133.0,6.964,0.286286851605084,-0.199917019742239,-0.414074909223064,-0.333841884663677,-0.939122409593627,-0.455446681155812,-16.87,4.19,-6.87
1.0,134.0,7.014,-0.292193035100706,-0.154253471419606,-0.198226789931849,-0.608068770709198,-1.37881630237645,-0.375430954965056,-21.88,5.5,-7.5
1.0,135.0,7.066,-0.358606366569639,0.0637750041496464,-0.169305571861754,-0.444909419061328,-1.71596085044432,-0.21844171400449,-15.81,6.81,-8.26
1.0,136.0,7.117,-0.341141415899825,0.138679157439607,-0.0561315579594266,-0.583378572839277,-1.89232457234646,0.208846195813017,-4.75,-3.57,-6.44
1.0,137.0,7.167,-0.294013578452607,-0.268439611512131,-0.107850321243356,-0.957567683486356,-1.83238168021487,-0.0273551094303345,6.88,-2.06,-2.88
1.0,138.0,7.218,-0.200595929702966,-0.246881692569906,-0.0417393698205329,-0.733079117332217,-1.61458368262109,-0.0397701812349364,8.69,0.87,5.13
1.0,139.0,7.27,-0.299203672740669,0.294896137387706,0.139853203729419,-0.386072713863995,-1.18420858307252,0.109325691564298,16.69,3.5,10.94
1.0,140.0,7.323,-0.306875457979264,-0.160593338704258,-0.201389423057459,-0.178551547611229,-0.979941799872686,0.118134661385816,26.25,15.06,12.69
1.0,141.0,7.375,0.281070730216308,-0.21462375864847,-0.0837621301248133,-0.533378824471893,-0.628583118561598,0.17319222962647,34.13,8.31,12.0
1.0,142.0,7.429,-0.210271690505204,0.316478346942824,0.144933990259464,-0.129745525977146,-0.897920710255113,0.0721125490725095,42.88,5.94,10.56
1.0,143.0,7.487,-0.476387500050605,-0.207162492054945,-0.243675331668077,-0.45216865897872,-0.912930737784476,-0.170560873450629,50.94,14.19,13.82
1.0,144.0,7.545,-0.58091405576315,-0.0439781546421385,-0.0833572865766025,-0.174955302176427,-0.549232160893026,-0.0946549302068403,52.75,16.25,21.51
1.0,145.0,7.601,-0.732896372196964,-0.0761146354991113,-0.135217745102405,-4.50811094813014e-05,-0.829391232411442,-0.166124890241273,54.94,22.31,26.88
1.0,146.0,7.657,-0.761454036087754,0.131784671813578,0.178738426535066,-0.31445352500085,-0.356032020054396,-0.322560436733672,57.88,16.0,34.5
1.0,147.0,7.711,-0.459516500422708,-0.452416167208845,-0.339584863527939,-0.397088231065969,-0.178369552471548,0.019702866482048,59.69,33.19,45.69
1.0,148.0,7.763,-0.269344679174184,-0.246293739878948,0.0219091306516265,-0.274105825647896,-0.0933716050520467,-0.12103393580571,53.69,9.75,59.0
1.0,149.0,7.816,-0.052473866278834,-0.0587856279260866,0.288438319709666,0.304587043273955,0.113149314438006,-0.171187447509119,51.5,32.25,65.81
1.0,150.0,7.867,0.517202086293541,-0.297658144834343,0.101268428042157,0.219931345962053,0.488547980713734,0.32990396604479,60.93,18.69,68.56
1.0,151.0,7.92,-0.327629087251091,-0.114965707305653,0.0268871412247093,0.0138253303444182,0.485487190695562,-0.030339278822631,60.5,20.62,73.75
1.0,152.0,7.973,-0.184660326873863,-0.230170808562669,-0.0129627094520304,0.555739513568523,0.40591933130406,0.681076598597302,63.94,19.0,79.0
1.0,153.0,8.025,0.2119108642679,0.34526536686097,0.142113448166706,1.1067531952277,0.499390710459943,1.05832176155525,68.18,-3.31,70.44
1.0,154.0,8.076,1.64033034510975,0.0555823177410262,0.53843298994412,-0.233819817306312,-0.0033500291727464,1.24297283014334,55.81,7.87,62.0
1.0,155.0,8.13,1.91833530726819,-0.471288862766987,0.328240548533651,0.366855154850018,0.0783031830087799,1.00434535042315,50.06,8.76,30.76
1.0,156.0,8.189,-0.481739925171878,0.310498180122197,0.0358516552979393,0.114305206865562,0.168107117065223,-0.0932865029874609,44.63,18.5,22.94
1.0,157.0,8.245,-0.763270324424164,0.212532841939447,0.0483421869273358,0.139178835259359,0.347752874173111,-0.0160344235050935,52.32,17.38,23.94
1.0,158.0,8.3,0.609110375895074,-0.190667946081346,0.0299260221145922,-0.0649629919487598,-0.140929184427594,0.801094210831224,40.31,2.94,14.69
1.0,159.0,8.358,0.283635226270988,-0.221947996064746,-0.0641198834159294,-0.371216311496519,-0.352094351929537,0.62728437968812,39.0,7.75,11.88
1.0,160.0,8.41,1.08334392287674,-0.115640545052287,0.210692043916137,0.918224289263355,-0.429145970960244,1.04595933683911,34.69,0.13,10.56
1.0,161.0,8.461,0.831560775430312,-0.233689467357076,0.142860973545387,0.598376405247668,-0.637146762681619,0.62046496599403,27.88,2.13,6.5
1.0,162.0,8.511,-0.151661008025338,-0.0229104345943557,0.0615183100041553,-0.163867869589099,-0.0606849995376672,0.118246956717695,20.51,13.12,-0.82
1.0,163.0,8.564,0.0608679166512118,-0.162542705833995,-0.00419670609854223,0.276208843392165,0.0528639153497051,0.121971280521751,15.0,9.62,-4.0
1.0,164.0,8.615,-0.124054586087992,-0.0457434162100164,0.0359316878428606,0.018955036951592,0.331078370523861,0.00596870066320367,9.19,3.32,-0.56
1.0,165.0,8.666,0.104658634897315,-0.0797048632827332,0.0422722272871511,0.0301044534319877,0.277131387106155,0.162621180928786,8.63,-5.19,1.81
1.0,166.0,8.716,-0.377450527841915,0.0295757197981902,-0.00201023088807609,0.0706399865968577,0.315822388102938,-0.152880205567466,10.32,-2.5,-0.69
1.0,167.0,8.767,-0.0517060667304058,-0.0977830912594568,-0.0469950827299046,0.0307339191860535,0.179097929805162,-0.0170629243632923,9.5,-1.37,1.56
1.0,168.0,8.819,-0.160871892536222,-0.116098748081229,0.003864154453162,-0.0368636927497476,-0.026702079356085,0.151784290615501,4.56,-2.44,3.69
1.0,169.0,8.87,0.00452301949817119,-0.16306810935292,-0.00038780044691231,-0.214090492468074,0.00843426061869361,0.177627756165505,1.69,1.07,4.25
1.0,170.0,8.921,0.363662028903533,-0.092849039613106,0.0465133611159851,0.224750263871868,-0.0851829946999633,0.258400229946497,-1.19,-2.88,2.25
1.0,171.0,8.971,0.108870089080687,-0.257505548263165,-0.0536769320331901,0.0275678535797603,-0.099385827724092,0.211953336104418,-7.31,1.06,1.81
1.0,172.0,9.023,0.217236744074593,-0.0538240137565832,0.0404543838127186,0.154603881699126,0.0449592790025996,0.174748601624718,-14.62,4.38,-0.13
1.0,173.0,9.074,-0.330655281056593,-0.1062177509798,-0.0088244387409639,-0.462442899139204,0.407048945067233,0.105135792481366,-18.81,6.69,-2.75
1.0,174.0,9.124,-0.151538595749585,0.00204433724259773,-0.0229230320847921,0.0581027565732604,0.208862446666835,0.0661815247428418,-25.06,-3.88,-3.5
1.0,175.0,9.175,0.464013223535346,-0.249335109172396,0.00218056058372691,0.367352599368548,-0.111413446654203,0.659560575984555,-26.25,-3.19,-3.12
1.0,176.0,9.225,0.878551708973639,-0.234150155139137,0.0363538638195988,0.671343408900339,-0.346910398323627,0.884255007968368,-41.5,-7.19,-5.56
1.0,177.0,9.276,1.50105681557505,0.0213685960543521,0.358572956086862,0.783245875336596,-0.673184868253307,1.42744783925473,-60.18,-9.88,-16.76
1.0,178.0,9.329,0.378157921012983,0.215154254832844,0.85289864103322,-0.389320167586887,0.702437798757545,1.08207159502767,-69.18,-29.25,-41.69
1.0,179.0,9.38,3.05235800312667,-1.17176963045508,-0.140422759324489,0.736551003108545,0.304815083516532,1.67505681515579,-67.75,-42.75,-40.19
1.0,180.0,9.436,-1.14658451223,0.0129126988289872,-0.673964564179911,1.27705860367694,-0.274059734785991,1.112500480746,-69.37,13.0,-52.5
1.0,181.0,9.492,-1.41541562323865,-0.707666336508125,-0.95145204314343,-0.593035056539833,-0.257419436504548,-0.443551248476232,-60.25,6.75,-51.06
1.0,182.0,9.551,2.28566875982299,0.0511338533631735,0.636058782203101,-1.22363615597524,0.63288669734144,-0.286519320522367,-71.25,-42.76,-77.94
1.0,183.0,9.608,-0.639140800948174,-0.32645014230718,-0.282692667030204,1.72876938710447,-0.118011989794492,0.13109792971554,-57.75,-13.32,-49.19
1.0,184.0,9.663,-0.284987476490373,-0.257458611269567,-0.358084661102976,-0.000318799261547931,0.28610821322134,0.140118328600846,-57.62,18.62,-57.44
1.0,185.0,9.716,0.312214374682478,0.714141635895883,0.42756178838272,0.0656042334135514,-0.191130951038891,0.00978969450811321,-51.12,-11.94,-73.87
1.0,186.0,9.767,-0.824822140942178,-0.0283511943375068,-0.27632037246816,1.1364270021301,-0.521060715977028,-0.387014609883126,-44.12,-7.69,-58.25
1.0,187.0,9.817,-0.570743091061322,-0.0126653910836775,0.0205822499946543,-0.627881388701202,-0.725047742288245,-0.0378870744532139,-46.0,-5.5,-52.0
1.0,188.0,9.868,0.53533229463605,0.392158426351113,0.795498764383955,-0.164628826179975,0.522189154624882,-0.570798522715049,-41.5,-30.44,-52.0
1.0,189.0,9.92,-0.571183497085341,0.569365572873713,0.0880656966623109,1.37687164137458,-1.00562613175484,-0.0612346863881553,-40.69,-33.19,-42.76
1.0,190.0,9.972,-0.426135009517783,-1.0630567040786,-0.208628577281656,-1.23112569898771,-0.167361638474148,-0.139400364838134,-32.87,-0.5,-28.76
1.0,191.0,10.024,0.737874081308332,0.028578701464126,-0.322306497952942,-0.361401424973954,0.0697800851747267,0.0621611330603305,-53.44,-17.69,-26.13
1.0,192.0,10.075,-0.841378065390259,-0.487914900780793,-0.589721200467725,-0.483981290282371,-1.56333779895511,-0.394149396991779,-36.82,-13.13,-15.0
1.0,193.0,10.127,0.340499732527303,-0.551789468600997,0.507101026412137,-0.721334939031196,-0.521164457897584,-0.531659542699535,-41.25,-7.56,-16.26
1.0,194.0,10.181,-0.563319268473524,0.341753176120955,0.0106320630095905,0.0965485965053707,-1.4164461714609,-0.289856647433721,-42.06,-14.01,-12.51
1.0,195.0,10.233,-0.587334643745349,-0.251761938495587,0.314801560588083,-1.26255896286597,-1.3734867095369,0.0773327362967533,-28.88,-15.5,-8.94
1.0,196.0,10.29,-0.171907814532856,0.0558554766012401,-0.019750742131282,-0.301898065892713,-0.871214651008101,-0.219216882817626,-32.63,-16.56,-11.56
1.0,197.0,10.347,-0.335858063720173,-0.510785758065748,-0.274935014282339,-0.844206122498997,-1.51621843984342,-0.172358265320698,-28.25,-13.63,-6.0
1.0,198.0,10.403,0.543295476093545,0.614430778252447,0.480502254332433,-0.0346721622219433,-0.787360865991769,-0.223131617740911,-27.0,-21.81,-5.25
1.0,199.0,10.46,-0.066850945252501,-0.0140256523012219,0.0235935238654248,-0.118339339505875,-1.2286727713882,-0.462334530218315,-19.69,-8.32,-8.75
1.0,200.0,10.513,0.0408255463077298,-0.458191672668511,-0.394759935894669,-0.107133618617517,-1.48404454449966,0.197884683645255,-14.44,6.44,-1.88
1.0,201.0,10.566,0.540747357762874,-0.122600051682349,0.216719169802035,-0.680587737681418,-1.68918425872914,0.662460989105918,-8.63,2.0,1.87
1.0,202.0,10.618,-0.209352354659552,0.234429570573877,0.130550954261002,-0.8461255159486,-1.32701514086305,0.183842455664036,-1.88,-6.26,7.44
1.0,203.0,10.669,-0.35540089789953,0.0289820034952148,0.0184773243766935,-0.199004390283711,-1.4422210538896,0.0121531382585711,7.13,9.19,9.5
1.0,204.0,10.72,-0.24321954292124,-0.172022150532655,-0.150775599428132,-0.549824450291336,-1.34900363020342,0.351606862086865,17.37,16.69,11.5
1.0,205.0,10.771,0.124068670853496,-0.535805839690374,-0.100103296505484,-0.678618086805052,-0.951758842599313,0.382372864953791,27.25,10.81,13.13
1.0,206.0,10.823,-0.00764749336900161,0.137679588232391,0.273451750488798,-0.197627095610867,-0.733957440248913,0.010571482755928,33.88,11.5,11.31
1.0,207.0,10.875,-0.226366106881548,0.81669011545457,0.147230148691989,0.333680337613668,-1.11120121445113,-0.117262047543772,40.44,11.81,10.37
1.0,208.0,10.928,-0.0267207816244426,0.330423741619331,0.0368541522784365,-0.31476427565075,-0.700329133039305,-0.218926017102043,49.94,8.13,10.5
1.0,209.0,10.981,-0.45320352941682,-0.320409815574397,-0.270417411398691,-0.400648168415276,-0.855641756170983,0.0861975967408889,49.81,18.19,13.25
1.0,210.0,11.036,-0.636445751114179,-0.257983713846896,0.114802634418348,-0.314704,-0.66904,-0.167472,54.94,7.06,21.06
1.0,211.0,11.092,-0.0650181706789255,-0.491079137274776,-0.229749131787094,-0.257445849401026,-0.120441778761034,-0.207362865139243,51.57,17.19,23.44
1.0,212.0,11.149,0.410541974843734,-0.482706666340122,-0.18282826548262,-0.49993273643357,0.309861472815974,0.0645214115207346,51.07,10.43,27.57
1.0,213.0,11.208,-0.133880190001642,-0.0283885755729485,-0.114565353456958,0.172035756451341,0.0441616325732209,-0.308382925765543,44.81,10.19,41.32
1.0,214.0,11.263,-0.110610891913187,0.0722610577013355,-0.019009607562965,-0.16033207009183,-0.188910087606106,0.0473103910492481,43.69,18.13,48.57
1.0,215.0,11.318,0.282816846544039,-0.482129837877496,-0.0323236130389124,-0.330177373694544,0.000811611216947523,-0.12789841987069,35.06,17.88,53.88
1.0,216.0,11.372,0.310099772580299,-0.693221597820501,-0.127742659915948,0.0640339777395955,0.213111608125919,-0.122193151076365,42.56,16.56,53.44
1.0,217.0,11.424,-0.848718243450037,0.323484985337628,0.203995805227647,0.189882640577304,0.0172299954665557,0.10248757449709,42.62,8.25,63.31
1.0,218.0,11.476,0.463738152142638,0.315363591654421,0.649942441117275,0.20332789193765,0.26571735451577,-0.142731730536427,46.75,4.38,51.38
1.0,219.0,11.528,0.498882216759492,-0.036709413136463,0.224858823330606,0.501399248766129,0.288628510625332,0.710454488005291,49.82,8.82,59.38
1.0,220.0,11.58,-0.452182833354374,-0.0200415702046403,-0.0661186927751143,0.0672013342064719,0.301214434241714,0.333325888935957,49.44,18.01,56.57
1.0,221.0,11.634,1.51273432870355,-0.313570167592301,0.376534644936047,0.262623065756954,0.0660260995396879,0.709458400218303,47.94,-3.26,46.38
1.0,222.0,11.69,0.223080473966747,0.211179537906776,-0.101123193301436,0.376051727403079,0.382815247680113,0.567324080837594,42.32,-6.69,42.88
1.0,223.0,11.742,-0.308313031941766,0.0900366405671828,0.490434947539119,-0.904234669480435,0.212577253461564,0.0236388634027657,46.88,14.06,32.44
1.0,224.0,11.8,0.900872777275098,-0.166911003262497,0.260445662176239,0.551840845826828,-0.225431720678738,0.904294342008304,41.94,2.75,27.75
1.0,225.0,11.857,0.673373998192801,-0.622911185380075,0.133038955362888,0.0841535418573674,0.199043929515471,0.450371777349833,43.69,6.44,22.44
1.0,226.0,11.912,-0.699067684197001,0.46379152734375,0.14094369814183,1.76532358465085,-0.246219558922369,0.98520084672835,32.38,6.94,17.44
1.0,227.0,11.966,-1.27617806356121,-0.167197392683052,-0.190997655825441,-0.0687825138659642,0.0154834479029734,-0.0149091571876454,34.57,6.81,13.06
1.0,228.0,12.021,0.135172052300879,-0.414921490194511,-0.155466368752142,0.577709939007921,-0.446022323980377,0.761492704191557,44.82,-3.31,22.63
1.0,229.0,12.074,1.32697821833196,-0.119852849177811,0.11802271820351,0.451496061810252,-0.193973674162489,0.61920061309243,31.07,-12.57,18.82
1.0,230.0,12.125,0.54517946349278,-0.316009472857972,-0.0533939815941452,-0.149298957848442,-0.594191092491269,0.766987426519031,30.57,3.88,11.5
1.0,231.0,12.176,0.599162624126327,-0.359975606217281,0.0874650546256019,0.743917518513687,-0.355603985874326,0.707114661888143,16.75,2.12,4.12
1.0,232.0,12.227,0.465460742035148,-0.494049104135993,-0.0870766600036093,-0.13514212189511,-0.243714369506234,0.479174837301821,7.87,5.5,-0.94
1.0,233.0,12.279,0.275467286779007,-0.0565149183067143,0.016992381117372,0.174409228286622,-0.199789675686541,0.307999488506392,2.68,8.5,-5.31
1.0,234.0,12.331,0.0624850543005487,-0.172988836349126,0.0150437950638288,0.0946034901309006,0.0596035027460343,0.189883792192466,-1.31,8.06,-6.19
1.0,235.0,12.383,-0.660370739601537,0.0279176750302692,-0.0535639474429092,-0.0551421507297014,0.385822848522001,-0.141089256315446,-1.32,3.81,-5.56
1.0,236.0,12.436,-0.22256382077462,-0.128098797624714,-0.00644025742193665,0.0276418220225795,0.275371500523525,-0.0102837202932753,0.0,5.01,-4.69
1.0,237.0,12.49,0.0419813769519668,-0.0862024993422232,0.00265722449083286,0.10170024877339,0.208769447743767,0.160247372350051,-3.94,2.5,-4.25
1.0,238.0,12.542,0.0354065765178361,-0.0883729947007069,0.0733496845302722,0.148014587783584,0.0666170918559403,0.309792938088966,-7.75,-0.5,-3.44
1.0,239.0,12.592,-0.355686617785917,-0.0690769090114891,-0.00555984877409546,-0.0485527651228986,0.286690246712911,0.0316689941469594,-12.56,4.19,-7.69
1.0,240.0,12.647,0.138878283166269,-0.0987393464105403,-0.0821014246245306,0.459419041029479,-0.0156990042647672,0.113776123213022,-9.38,1.38,-5.07
1.0,241.0,12.703,-0.853890692481147,-0.00650135614225782,-0.105125739547844,-0.265042538411177,0.379245151081886,-0.191631797157112,-15.07,1.94,-4.57
1.0,242.0,12.758,0.207913567641482,-0.0493696732052702,0.0573843785593005,0.0424100711884673,-0.201486444618169,0.302607862821493,-8.56,-6.94,-5.19
1.0,243.0,12.813,0.380899181816243,-0.232840532617797,0.0548658489432576,-0.0025211144340688,0.0063511141573907,0.48544138974782,-17.38,-4.88,-7.69
1.0,244.0,12.865,0.517634453679591,-0.136721421847387,0.00756013014108142,0.492840696412273,-0.304960276428543,0.74816484489,-23.69,-5.13,-8.25
1.0,245.0,12.919,2.0349465525018,-0.273364912577293,0.0979633795378669,0.890191338596307,-0.702241464807893,1.14665287282821,-42.75,-5.75,-20.69
1.0,246.0,12.973,2.6938252240725,-0.742877755459281,0.234514525518433,0.922717019284383,-0.08779360612719,2.18870670075902,-65.69,-6.0,-40.88
1.0,247.0,13.026,0.86664318108058,0.232332517482132,0.406344782899558,1.32653830885777,0.389194181811154,1.68458116888153,-84.06,-17.94,-62.38
1.0,248.0,13.078,-1.12708354647356,-0.238305202006401,-0.270191179374878,-0.0931588563661814,0.354526447618363,-0.069400174678881,-77.75,0.0599999999999987,-73.44
1.0,249.0,13.132,0.445318316634182,0.00411613662097954,0.70561505085961,-0.438083648537765,0.449355860001123,-0.121603066398786,-75.62,-39.26,-84.13
1.0,250.0,13.185,-2.220931641362,-0.493595643893173,-0.739394476969119,0.929342859278427,-0.562039402260058,-0.0535727140070742,-77.31,-3.19,-74.94
1.0,251.0,13.24,-1.68617839902148,-0.153646621428255,-0.134362841302129,-0.118370846204209,-0.232208101837283,-1.16741461716862,-71.32,-3.5,-78.12
1.0,252.0,13.292,-0.521414250204604,0.27713632892483,0.645758983579924,-1.43993839568631,-0.544344873157897,-0.745238760074438,-71.13,-7.31,-91.88
1.0,253.0,13.348,0.744550533211699,1.2769629644796,0.77287221498028,0.765832355621505,-0.227917878119515,-0.036368350184175,-56.37,-43.5,-81.13
1.0,254.0,13.403,-0.244970068547678,-0.987763774154527,-0.494237290764157,-0.538211363204054,-0.126300055180454,0.348896238902137,-44.18,-20.94,-46.01
1.0,255.0,13.461,0.553034499233711,-0.486569052195017,-0.0162455663917357,-0.332683706331067,0.788812492589013,-0.125636460291042,-45.13,-21.0,-46.56
1.0,256.0,13.517,-0.418764431615095,-0.782023730839843,-0.706157761761049,-0.49373909452692,-0.572792894186042,-0.269144039286018,-36.13,-3.69,-30.51
1.0,257.0,13.571,-1.36372698098752,0.0683920424172604,-0.246350887384445,-0.109075706557261,-1.73568284785894,-0.408292906858909,-41.32,-18.0,-20.19
1.0,258.0,13.626,-0.223327976686494,-0.0138292963331632,-0.0127866708517106,0.229919052649502,-0.892959944695,-0.381054018873503,-44.5,-11.94,-10.5
1.0,259.0,13.678,-0.0761316721514403,-0.515774418231241,-0.107938753537635,-0.598521363122422,-1.26619103127839,-0.107198517950556,-41.88,1.75,-1.81
1.0,260.0,13.732,0.0751290706807921,0.261958151314555,0.188678189932923,0.101994407723628,-0.63818176244455,-0.395861410551882,-41.75,-16.75,2.19
1.0,261.0,13.784,-0.0279087427338535,0.390776430688534,0.330866490116086,0.0332052581864522,-0.816181786281901,-0.676335037859744,-33.82,-7.69,-11.25
1.0,262.0,13.838,-0.398478050967556,0.0950460190572927,0.0410266122749699,-0.525906539687242,-1.1656139018771,-0.261957470838368,-33.62,-10.5,-10.81
1.0,263.0,13.893,0.109867523848001,0.08552112755571,0.21673585394985,-0.538856381521084,-1.39600259420974,-0.220974342378269,-26.62,-12.62,-13.06
1.0,264.0,13.945,-0.195444880030894,-0.162683071659973,-0.213819626880042,-0.107919840911765,-1.34221071473578,-0.0399962077069237,-21.88,-11.44,-9.0
1.0,265.0,14.0,-0.112506075830205,-0.218002219563391,-0.223929476081912,-0.494839186124656,-1.17587435248941,-0.00148407455104538,-17.12,-5.31,-2.25
1.0,266.0,14.053,-0.061974924235439,-0.552178623146943,-0.539164556848406,-0.396535899685576,-1.49337697203903,0.543055179555934,-12.56,1.43,-0.18
1.0,267.0,14.11,-0.0345444307362902,-0.0385285891254513,-0.29426206261893,-0.618975001017411,-1.66116253774847,0.602716650982111,-1.93,1.69,2.69
1.0,268.0,14.163,-0.0171078667453853,-0.71295325057154,-0.19666065319534,-1.25714051718843,-1.35450862094461,0.158564411958077,6.44,1.0,8.13
1.0,269.0,14.216,-0.339258397920901,0.0635085950624107,0.229173679985499,-0.727652578537217,-1.31068843450326,0.452741944930301,17.25,10.25,9.68
1.0,270.0,14.272,-0.401030986377666,0.374398185135872,0.165108410979291,-0.00407895522528096,-1.06174929704762,0.0670338406849599,34.0,11.43,11.38
1.0,271.0,14.327,-0.369198256374517,0.453276252793921,-0.00134157626031384,0.23407237271908,-1.19191867026211,0.268489908719879,51.56,22.75,12.38
1.0,272.0,14.383,-0.288999847444735,-0.313224713513647,-0.273350085776542,-0.669560835209768,-0.822948574234749,0.195198244969656,64.32,18.63,16.13
1.0,273.0,14.437,-0.716178249144754,-0.456189572718015,-0.420201535170765,-0.513819471143577,-1.30291768123371,-0.265683481369756,66.56,28.13,23.07
1.0,274.0,14.493,-0.96139077083306,-0.180043497061589,-0.229173679985499,-0.251674201362478,-0.923662416621125,-0.739003079090052,68.88,17.56,36.19
1.0,275.0,14.546,-0.744253862767403,-0.325266831767745,-0.370607965431807,-0.0908575810993338,-0.873758995139,-0.0378692490251292,68.13,31.25,43.69
1.0,276.0,14.602,-0.842369842199645,-0.135116798569602,0.0680035783692667,-0.636229169414765,-0.319760805522578,-0.518594732445148,71.94,7.81,69.19
1.0,277.0,14.661,0.868877809884038,0.230925483360929,0.594903878703857,0.0276402098104977,0.727081641678477,0.318524411410232,73.81,2.06,73.07
1.0,278.0,14.716,-0.523733298056739,-0.551579542086825,-0.114512989029059,0.285647326881481,0.225750019496808,0.203696180790977,65.06,22.75,87.13
1.0,279.0,14.771,0.428652756119898,-0.234520927699809,0.238314893195713,-0.486646731286887,0.47835887091014,-0.117444404259653,76.94,-3.0,64.63
1.0,280.0,14.825,0.84735922378159,0.142085591940794,0.766487958218856,0.916238134843852,0.746325066385736,1.10553469613406,78.88,-12.31,81.62
1.0,281.0,14.88,2.25972861686828,0.00522602141802175,0.195282721112028,1.19576023043818,0.344409961879946,1.82253239878894,68.63,-11.94,62.19
1.0,282.0,14.934,0.17428566585707,-0.0049479043659863,0.420570855529124,-0.860168137606355,-0.211069164831958,0.7788113622953,65.38,22.5,45.56
1.0,283.0,14.989,0.366510531779982,-0.114407085927154,0.117707719997239,0.604516169872664,-0.013348597763012,0.427837217230808,63.43,8.43,24.82
1.0,284.0,15.043,-0.433646377523593,0.167524699201233,0.44674471570392,-0.0165890299010377,0.219815050251225,0.492867192756838,67.88,5.0,31.69
1.0,285.0,15.099,0.231388320608501,-0.231048115138167,0.188781635514308,0.741071867561258,-0.0204267432215903,0.360606295084907,59.81,-0.94,27.56
1.0,286.0,15.153,0.17167011036954,-0.240434141060771,0.220455169808903,0.346628465348543,0.0666852997846365,0.849525883866806,59.13,-3.0,21.75
1.0,287.0,15.205,0.898041242203368,-0.312734287264959,0.016186236486025,0.670885163526195,-0.759826452588113,0.818009571132886,36.13,-1.25,12.32
1.0,288.0,15.264,0.356197180070396,-0.191716215808583,0.04225609516376,0.635324162055131,-0.390360994577711,0.702268118453711,27.44,-7.38,9.5
1.0,289.0,15.316,1.22584484696549,-0.244903170950177,0.0724906680459101,0.672367839171955,-0.771690152628874,0.776471010075657,15.06,-4.57,4.62
1.0,290.0,15.369,-0.0256896780622161,-0.195378213065692,-0.0254770086439485,-0.394333526350888,0.13953647976982,0.0735074041132355,7.13,5.81,0.63
1.0,291.0,15.423,0.00603547932398378,-0.139259085739685,0.0338853273106404,0.304038591955223,0.024162300278334,0.265250418584806,4.32,6.5,0.130000000000001
1.0,292.0,15.476,0.411255395058847,-0.235580609763393,-0.0186400806789006,-0.518091919475072,0.163167917259082,0.240122913235434,-6.25,4.44,-1.56
1.0,293.0,15.528,0.752545118429167,-0.429683954445138,-0.0351752357811335,0.248990176082107,-0.319187190414055,0.448846145225591,-9.19,6.69,-6.38
1.0,294.0,15.581,-0.0536897646667748,-0.264104483302646,-0.0777183774911658,-0.00888755307079988,0.190017881856639,0.241002478438971,-13.12,7.26,-8.13
1.0,295.0,15.636,0.264022854267481,-0.154591899584693,-0.0277712605758227,-0.1648675540449,0.345175134096984,0.136050264948391,-28.75,2.82,-12.57
1.0,296.0,15.691,0.271155164575499,-0.306222564988205,-0.070995004375308,0.16014944195753,-0.0575465375067053,0.661605532359976,-37.63,-0.5,-15.13
1.0,297.0,15.743,0.0352215179417131,-0.200450678351878,-0.0286944603626728,0.00843676345296361,0.119118662197374,0.434652023308313,-43.19,1.87,-21.12
1.0,298.0,15.796,0.304872160194675,0.0475982293164756,0.0828947214892371,-0.0897240916451675,-0.198033360220185,1.18419053131292,-46.69,-13.0,-20.57
1.0,299.0,15.851,-0.433499103884757,-0.0147394307605598,0.346567476036497,-0.124298277758549,0.256316519683192,0.0284598550289875,-64.12,8.93,-30.44
1.0,300.0,15.904,2.62029663750523,-1.21788771273418,0.303923722352385,0.849055600948964,0.58567007663984,1.42173171910813,-53.56,-46.5,-32.94
1.0,301.0,15.959,-0.0502702548478683,0.223756951256476,0.437987504182722,1.1428750224745,-0.222723142550547,0.721007263503925,-54.69,9.25,-34.69
1.0,302.0,16.016,-0.159600997506234,-0.311758260209825,0.094211354407,-0.408600965653062,0.557831884115961,0.411615751573133,-63.88,-26.43,-44.69
1.0,303.0,16.07,-0.449337302895427,0.0486797743429929,-0.385381132456281,0.541254198767861,0.154515276927469,1.27204865632183,-52.5,-7.81,-45.19
1.0,304.0,16.124,-1.79608428436533,-0.313066352779076,-0.616428856635954,0.376265578408408,-0.523752835195391,-0.928352524876208,-65.0,15.06,-57.94
1.0,305.0,16.178,2.2904541966783,0.654995668424049,1.19075270414099,-0.0863355387833845,1.03714591781918,0.0894085842722148,-55.25,-37.07,-81.69
1.0,306.0,16.232,-1.45332640281181,0.22234895175862,-0.218301527189921,0.94785228962817,-0.879545337805941,-0.193090081112252,-61.88,-13.75,-54.31
1.0,307.0,16.289,-1.61555430956798,-0.926444575675369,-0.724840530938089,-0.251123948478755,-0.480262493657593,-1.44867328742149,-60.93,-0.75,-64.32
1.0,308.0,16.343,0.407855563555356,0.166754904570462,0.0977918259941989,-0.466969212840071,0.0904265723008782,-0.0128650947882123,-52.69,-42.94,-69.32
1.0,309.0,16.396,-0.403864323171763,0.65744027150839,0.318983185214329,0.824402905986527,-0.502675857776455,-0.565020535247697,-45.62,-32.19,-51.56
1.0,310.0,16.453,-0.171304577082536,-0.276116355289958,0.109270479006627,0.13744035786232,-0.79713508884851,-0.178546677982771,-47.5,-20.0,-34.32
1.0,311.0,16.505,0.324742041542168,-0.585188325182742,0.165068857848864,-1.23381427106592,-0.18710382003151,0.0571959094113726,-48.75,-18.75,-27.63
1.0,312.0,16.561,0.567074411767864,0.792379135878954,0.427987408976655,0.504928254072566,-0.454934795329644,-0.664824973201129,-43.63,-23.94,-33.56
1.0,313.0,16.615,-0.835281719604221,0.440135611085508,-0.0687938608281318,0.0693170151165305,-1.13527358129485,-0.0668310846505794,-37.13,-14.62,-24.07
1.0,314.0,16.67,0.237853405341894,-1.05677182976727,0.0703786714237951,-1.07765945589986,-0.843020792244385,0.0730807094828783,-33.13,-15.37,-15.44
1.0,315.0,16.724,0.423239164530476,-0.606719252530349,0.143255607169132,-0.519055269982077,-0.997432602030659,-0.711275969078966,-35.5,-11.62,-21.38
1.0,316.0,16.778,-0.421482952149708,0.278548114365192,-0.217229036878696,-0.58089020106667,-1.48063316320215,-0.234505907700808,-33.0,-8.0,-16.57
1.0,317.0,16.832,-0.412048322624715,0.109258062017232,0.151888313232587,-0.612342406597679,-1.4301576217272,0.114708846508731,-29.31,-11.38,-8.0
1.0,318.0,16.889,-0.226484024440053,-0.0544470484643432,-0.213679761056044,-0.2590592987781,-1.45975686615695,-0.0664293544628688,-23.94,-2.37,-2.56
1.0,319.0,16.944,-0.243382633420097,-0.247256614876163,-0.0807126427364694,-0.587668483170739,-1.93975765807184,0.25285175876833,-14.13,3.88,0.44
1.0,320.0,16.996,0.121446803075289,-0.0705909857321665,0.283881336184704,-0.704408306725081,-1.34427167644365,0.304016237221851,-0.0600000000000001,-2.5,2.56
1.0,321.0,17.051,0.136988009202286,-0.127814219868532,-0.186089969486208,-0.865563367137313,-0.98410509885818,0.272401171619935,11.57,-5.13,9.62
1.0,322.0,17.104,-0.326009123618758,-0.644073063451258,-0.547052468128176,-0.282904399850048,-1.33383209913204,0.337911407683566,18.82,17.12,16.57
1.0,323.0,17.158,0.000913655886261744,-0.712478519904834,-0.239942336641321,-0.761661455774219,-1.00087296757508,0.393386601101208,26.38,13.44,22.94
1.0,324.0,17.214,0.0633264751191572,-0.613588310708119,-0.0966051839827958,-0.548435152949484,-0.998033979046556,0.16603170660801,34.88,22.94,25.38
1.0,325.0,17.269,-0.818527000341188,0.417663950951706,0.0161224036145201,0.0835442694445352,-1.22390234824991,0.0394283727004805,45.06,16.5,27.56
1.0,326.0,17.323,-1.08271364429061,0.632850370466852,0.333587876529493,0.464873312670474,-1.15573608304699,0.0011157947807706,43.31,6.25,32.37
1.0,327.0,17.377,-1.50828666874247,-0.426321677744698,-0.00138102960373486,-0.718828378011983,-1.45489961551576,-0.649262776813374,65.87,26.07,38.07
1.0,328.0,17.432,-0.802488408984365,-0.138198386300578,-0.231447034835501,-0.941076688042785,-0.696928896870905,-0.91063913320701,61.06,32.19,45.82
1.0,329.0,17.487,-1.17672683444348,-0.148495287338707,-0.271395393430037,-0.16475586531377,-0.476882321906686,-0.399759990010559,71.07,20.31,69.62
1.0,330.0,17.545,-0.143533417455126,-0.0490547995479063,0.0821113497648635,0.615990693299671,0.51496745130071,-0.019938120343556,76.38,11.19,77.19
1.0,331.0,17.6,0.754893651000728,-0.663099787426611,0.355904665196276,-0.27399466725399,0.952929307888553,0.811976400731876,75.13,11.81,71.69
1.0,332.0,17.655,1.96637674943767,-0.591571107363659,0.602630081115124,0.637450122328037,1.09390593338546,0.68208775371024,75.87,-2.94,70.63
1.0,333.0,17.711,1.38107488368159,-1.22554224745739,0.222091689241466,1.13948865208701,0.429168841014188,1.28856611361419,73.68,26.12,73.37
1.0,334.0,17.765,0.313709394197629,-0.125626575259346,-0.480145787860455,1.02350872231955,0.229286887708083,0.922730739716411,63.19,-5.12,58.88
1.0,335.0,17.818,0.929869863920138,-0.346523923010974,-0.131278911713716,-0.339312285258231,0.285582880177475,0.560831101371642,65.63,19.25,32.5
1.0,336.0,17.872,0.572313698477369,-0.143478055236751,-0.0768255586153054,0.609835771043111,-0.116985569738099,0.659447452450368,54.06,3.82,32.44
1.0,337.0,17.926,0.0453913263576255,-0.324846909872548,-0.15095783984075,-0.0959292101902155,-0.00387115318362563,0.419717967045058,46.82,15.25,18.62
1.0,338.0,17.98,-0.611588824765923,-0.127925072144428,-0.0579373005092634,0.666896441212152,0.362271437114933,-0.193012203588756,46.88,0.81,18.81
1.0,339.0,18.035,-0.0144390405353459,-0.580182750214371,-0.189744153170365,0.0889142967473481,-0.109619141098765,0.625417565220234,46.44,11.19,17.56
1.0,340.0,18.09,-0.670838493014722,0.38326321889899,0.0385984809082123,0.804537659939322,0.329940641076375,-0.374747394802797,47.12,5.19,17.32
1.0,341.0,18.145,0.27707452273055,0.0670178898078467,0.138196301521303,-0.0330363284733334,-0.00809228830475944,0.540627926084404,44.19,3.68,13.88
1.0,342.0,18.2,0.594355156933746,-0.475032138279267,-0.0526974223482026,0.27517917372505,-0.142697320945588,0.403598781741575,40.87,-4.18,12.51
1.0,343.0,18.255,0.362219599310047,0.0107184973480781,0.08832787026799,0.278095519724346,-0.090789019438039,0.484253719381925,29.56,-4.75,12.75
1.0,344.0,18.307,1.13346337552435,-0.503524346419728,-0.134774017098808,-0.205935222399392,-0.44294493336142,0.533624823605206,13.93,2.44,0.68
1.0,345.0,18.362,0.563617187682569,-0.438083394161936,-0.115686060174005,0.0963481530836703,-0.368287985688338,0.32988015808545,4.75,9.5,-9.5
1.0,346.0,18.416,0.22827695572302,-0.0962775402977937,0.0484356166111431,0.60814068747218,-0.00656282222857349,0.200270852319888,0.25,6.69,-7.38
1.0,347.0,18.467,-0.535447880311163,-0.294560302799462,-0.0854133494363694,-0.529304324632954,0.334354580756129,-0.0304143100393591,-5.0,6.25,-4.19
1.0,348.0,18.518,-0.609631181664243,0.0682413265444545,0.0438195257759861,-0.152075606790332,0.536058552871105,0.00681710543796508,-1.44,3.13,-5.44
1.0,349.0,18.568,0.308137898004682,-0.190987985919916,-0.0129318166716785,0.2492973991034,-0.252876302015086,0.301720608353779,-2.25,2.57,-3.56
1.0,350.0,18.62,-0.152080378629343,-0.152422164291587,-0.00492334108708692,0.0166925801727277,-0.0397613045709235,0.200945032004975,-3.57,2.44,-2.44
1.0,351.0,18.672,-0.64445822776505,-0.0779881641456159,-0.0338276255890653,-0.29038630651547,0.294173003657402,-0.187645316718128,-1.63,7.51,-4.51
1.0,352.0,18.724,-0.59936896804889,-0.0235089536908401,-0.0140732280867454,0.339814507017853,0.119966502590347,-0.211849778936733,0.75,4.5,-5.56
1.0,353.0,18.777,0.165426294964587,-0.221136340691134,-0.0406429944492889,0.102613753848016,-0.110210004132875,0.343891262895922,-5.69,-6.12,-0.44
1.0,354.0,18.833,0.118859015703068,-0.196242951624359,0.0072934618996722,0.114153921420168,-0.096165468934531,0.264615254892905,-9.57,4.0,-5.19
1.0,355.0,18.887,-0.0280488031271354,-0.109140503152235,-0.0108893318878648,-0.0564945427436546,0.121721324409588,0.00539492351602622,-12.06,9.88,-7.69
1.0,356.0,18.943,-0.0256300441867926,-0.111928261472746,0.00692151420610423,0.0752689571909091,0.0292337543980114,0.0725906406601661,-12.5,-1.06,-4.57
1.0,357.0,18.997,-0.235999045228022,-0.231413998793589,-0.136150104880839,0.017162700834856,-0.0975254759371448,0.231422125896471,-12.88,-3.81,-1.38
1.0,358.0,19.052,-0.306985794720331,-0.123381496137091,-0.0502123316932205,-0.15329500919793,0.294914025042712,-0.102731351943013,-10.87,1.0,-2.87
1.0,359.0,19.105,-0.0360088591826773,0.0283279435748761,0.0679412437409006,0.222390545657456,0.00658804657912835,0.0946781845682225,-12.82,-1.19,-3.13
1.0,360.0,19.157,-0.807944827839011,-0.00499980402703749,-0.0336842416279378,-0.104925844273515,0.112760468653563,-0.267752925087611,-8.75,1.94,-1.56
1.0,361.0,19.211,-0.255163212034132,-0.0784676085672389,-0.0181312737352929,0.166770677033246,-0.185317283095091,0.0481176266045396,0.13,-3.69,5.63
1.0,362.0,19.266,0.531599557812295,-0.242079031683873,-0.0102302748683742,0.060412601134869,-0.374984820973179,0.459258361304252,3.63,-6.19,7.13
1.0,363.0,19.317,0.602692769284324,-0.339924402075245,-0.0542675945639708,0.134968462711237,-0.365195770320504,0.422201160088559,1.88,-0.37,4.19
1.0,364.0,19.368,-0.0631409330318357,-0.168956332484919,-0.04452053105915,0.169007033450084,-0.107534849290849,0.223806674681091,3.88,1.06,1.12
1.0,365.0,19.418,-0.187706905682073,-0.100291011578336,-0.0354105176377078,0.0234972636634653,-0.0527024392793473,0.0873349441646605,2.81,2.01,1.82
1.0,366.0,19.47,-0.249993836589751,-0.121236744969918,-0.0580760890252838,0.131212260834396,-0.151666986158276,0.200579634167333,2.75,2.32,-0.0600000000000001
1.0,367.0,19.522,-0.166487023802597,-0.0961097540651389,-0.0149223558230421,-0.148007289495126,0.159046358465434,0.048571903469355,2.94,1.75,-0.94
1.0,368.0,19.574,0.17142478970159,-0.0815799454573775,-0.0259966307838874,0.212837637453361,-0.141890428694415,0.129756427679898,1.37,-1.88,-1.07
1.0,369.0,19.627,0.105658009336126,-0.197988426405107,0.0230149277794421,0.114144172594158,-0.0608714406581335,0.185801391931863,0.94,-1.31,-0.5
1.0,370.0,19.68,-0.000873149740819727,-0.102874167772386,-0.0426543984435845,-0.00796568048191688,0.0843556388741003,-0.000745909990044303,0.25,1.94,-0.69
1.0,371.0,19.733,-0.029487260976612,-0.0393065041160446,0.0538626092090562,0.156525422028493,0.102598523042376,0.0383545321351386,2.5,-0.62,0.0
1.0,372.0,19.787,-0.108556039592015,-0.0846984780153446,-0.0335143811453758,0.144676621892522,-0.0560130536641552,0.141800680166202,4.38,-0.93,2.19
1.0,373.0,19.842,0.102798370106046,-0.0782694577703687,-0.0118057326286933,0.245373357067161,-0.0909775867994632,0.205085779416785,5.69,0.68,2.94
